Title ID	Region	Name	PKG direct link	RAP	Content ID	Last Modification Date	Download .RAP file	File Size	SHA256
SLUS20187	US	NBA Street (Nostalgia Vault)	https://www.dropbox.com/scl/fi/8dswi1j775ai7xr4c0fky/NBA-Street-Nostalgia-Vault-SLUS20187.pkg?rlkey=zz9orddkn0sgkx1h6x018sk3x&st=4upce7tm&dl=1	MISSING	UP0000-SLUS20187_00-PS2CLASSICS00000		533653299	533653299	
SLUS20454	US	Enter the Matrix (Nostalgia Vault)	https://www.dropbox.com/scl/fi/baorym3fb76j00q0holhj/Enter-the-Matrix-Nostalgia-Vault-PS2-Classics-SLUS20454.pkg?rlkey=dmr1crbt9zcdm04on89b55ywk&st=hyvhrh9r&dl=1	MISSING	UP0000-SLUS20454_00-PS2CLASSICS00000		3962351493	3962351493	
SLUS20889	US	MLB Slugfest Loaded (Nostalgia Vault)	https://www.dropbox.com/scl/fi/vobnulf6cmzb36iyocypx/MLB-Slugfest-Loaded-PS2-Classics-SLUS20889.pkg?rlkey=bsir9kf7y6sgtpa8dmrpc84xg&st=whet9zv8&dl=1	MISSING	UP0000-SLUS20889_00-PS2CLASSICS00000		1760630784	1760630784	
SLUS20751	US	007: Everything or Nothing (Nostalgia Vault)	https://www.dropbox.com/scl/fi/baorym3fb76j00q0holhj/Enter-the-Matrix-Nostalgia-Vault-PS2-Classics-SLUS20454.pkg?rlkey=dmr1crbt9zcdm04on89b55ywk&st=gl52ki3g&dl=1	MISSING	UP0000-SLUS220751_00-PS2CLASSICS00000		3510753925	3510753925	
SLUS01483	US	NBA Live 2003 (Nostalgia Vault)	https://www.dropbox.com/scl/fi/yjjmp5ce4lv0qavymwltn/NBA-Live-2003-PS2-Classics-SLUS20536.pkg?rlkey=z9p3b7ladqatvm809axawx52u&dl=1	MISSING	UP0000-SLUS01483_00-PS2CLASSICS00000		3737519831	3737519831	
SLUS20265	US	007: Agent Under Fire (Nostalgia Vault)	https://www.dropbox.com/scl/fi/n5slxf127e0yo0zwbl6xo/James-Bond-007-Agent-Under-Fire-PS2-Classics-SLUS20265.pkg?rlkey=avq4m6y9n1qrs99r8e9w0tcu8&st=q7k4ta72&dl=1	MISSING	UP0000-SLUS20265_00-AGENTUNDERFIREPS2-0		1653522237	1653522237	
SLUS21004	US	Def Jam: Fight for NY (Nostalgia Vault)	https://www.dropbox.com/scl/fi/8d30kd4mmyr0dexxnd8f2/Def-Jam-Fight-for-NY-PS2-Classics-SLUS21004.pkg?rlkey=pn2chmjog5vv4ngfupaz1c025&st=lxqmob18&dl=1	MISSING	UP0000-SLUS00643_00-DEFJAMFIGHTFORNY-0		4724464026	4724464026	
SLUS21237	US	AND 1: Streetball (Nostalgia Vault)	https://www.dropbox.com/scl/fi/oftgl3f3rf5redj147mal/And-1-Streetball-PS2-Classics-SLUS21237.pkg?rlkey=artose757711apmi4r0jiereu&st=f6lg2i0d&dl=1	MISSING	UP0000-SLUS00274_00-AND1-0		4616569863	4616569863	
SLUS20607	US	Disney's Extreme Skate Adventure (Nostalgia Vault)	https://www.dropbox.com/scl/fi/5uf5j7w2g7os32oyuj5m1/Disney-s-Extreme-Skate-Adventure-PS2-Classics-SLUS20607.pkg?rlkey=ggkusuzj0vypefcrdnmjop7bm&st=4ugf31yh&dl=1	MISSING	UP0000-SCUS94427_00-SKATEADVENTURE1-0		3200996660	3200996660	
SLUS20639	US	Def Jam: Vendetta (Nostalgia Vault)	https://www.dropbox.com/scl/fi/vfr88456wusbebkhb426i/Def-Jam-Vendetta-PS2-Classics-SLUS20639.pkg?rlkey=6ul3wo2ivqq3xsksqim54g96n&st=cvnnv6lg&dl=1	MISSING	UP0000-SLUS01043_00-DEFJAMVENDETTA1-0		2233659289	2233659289	
SLUS21128	US	Blitz the League (Nostalgia Vault)	https://www.dropbox.com/scl/fi/8vhlcn1jn3w3tz75a4z6o/Blitz-The-League-PS2-Classics-SLUS21128.pkg?rlkey=1lispv7y2m5g9b5vvo1kpmjw3&st=o2oc6tcj&dl=1	MISSING	UP0000-SLUS01213_00-BLITZTHELEAGUE1-0		2351105689	2351105689	
SLES52276	EU	187 - Ride or Die (Nostalgia Vault)	https://www.dropbox.com/scl/fi/a7lez0bwpzgl1ri3t12k1/187-Ride-or-Die-PS2-Classics-SLES52276.pkg?rlkey=pc5tde9lxgsgx195sobr49vvx&st=4f80nz6b&dl=1	MISSING	EP0000-SCUS94702_00-187RIDEORDIE1-0		2693396086	2693396086	
SLUS21678	US	DragonBall Z - Budokai Tenkaichi 3 (Nostalgia Vault)	https://www.dropbox.com/scl/fi/3w75v2sxr9e5kj15wz0ji/DragonBall-Z-Budokai-Tenkaichi-3-PS2-Classics-SLUS21678.pkg?rlkey=4zedprxyd5aqzd486gy4d3e5m&st=nm0q8ht1&dl=1	MISSING	UP0000-SLUS01282_00-DBZBT31-0		3049540813	3049540813	
SLUS20919	US	ESPN NFL 2K5 (Nostalgia Vault)	https://www.dropbox.com/scl/fi/8k058a7qxi58bd888333y/ESPN-NFL-2K5-PS2-Classics-SLUS20919.pkg?rlkey=dwx89dj2yyj75jawrhwe2r65r&st=sbur4xnf&dl=1	MISSING	UP0000-SLUS01124_00-ESPNNFL2K51-0		4692251771	4692251771	
SLUS21376	US	BLACK (Nostalgia Vault)	https://www.dropbox.com/scl/fi/7pdnxw6j2ymm9uq8ne4bb/Black-PS2-Classics-SLUS21376.pkg?rlkey=kgx1797ns6dzi3h7yj1x7cver&st=u1jsgv39&dl=1	MISSING	UP0000-SCUS94569_00-BLACK1-0		3940937213	3940937213	
SLUS21560	US	Family Guy - The Video Game (Nostalgia Vault)	https://www.dropbox.com/scl/fi/z4y9wt49xjibb6m4yngu3/Family-Guy-The-Video-Game-PS2-Classics-SLUS21560.pkg?rlkey=9uq6o616n38ozr3ffqecq3so3&st=i3mb6lrl&dl=1	MISSING	UP0000-SLUS21428_00-FAMILYGUY-0		3338367001	3338367001	
SLUS20220	US	Dead to Rights (Nostalgia Vault)	https://www.dropbox.com/scl/fi/f6t0t9p3vqgiyqcvpo40p/Makai-Kingdom-PS2-Classics-Vault-PS2-Classics-SLUS21170.pkg?rlkey=jrjdt7n3vxg1sk71wjc8g60au&st=utpjagdj&dl=1	MISSING	UP0000-SLUS21170_00-DEADTORIGHTS-0		2189863608	2189863608	
SLES53064	EU	FIFA Street (Nostalgia Vault)	https://www.dropbox.com/scl/fi/a5m7pl76q2j0919jtbuq8/FIFA-Street-PS2-Classics-SLES53064.pkg?rlkey=pwigv3mna6bnmikm4fxs8xcc0&st=svtcrmb3&dl=1	MISSING	EP0000-SLES53064_00-FIFASTREET-0		4724464025	4724464025	
SLUS21369	US	FIFA Street 2 (Nostalgia Vault)	https://www.dropbox.com/scl/fi/8u2b8u7jwt3ilzem8yo2w/FIFA-Street-2-PS2-Classics-SLUS21369.pkg?rlkey=lnwj2gy3kup2farfwolasirh4&st=9djji0im&dl=1	MISSING	UP0000-SLUS21369_00-FIFASTREET2-0		4724464026	4724464026	
SLUS21842	US	DragonBall Z - Infinite World (Nostalgia Vault)	https://www.dropbox.com/scl/fi/yy7a04vyqqj1dzlna5ige/DragonBall-Z-Infinite-World-PS2-Classics-SLUS21842.pkg?rlkey=ewtgjy7wvrcynf130t8dt2im1&st=36jcts5h&dl=1	MISSING	UP0000-SLUS21842_00-DBZINFINITEWORLD-0		2480948019	2480948019	
SLUS21050	US	Burnout 3 - Takedown (Nostalgia Vault)	https://www.dropbox.com/scl/fi/xxg12mwczm7bw28abjknr/Burnout-3-Takedown-PS2-Classics-SLUS21050.pkg?rlkey=t92eii0ki6dpvb1zw2b18khhg&st=8hra86r3&dl=1	MISSING	UP0000-SLUS21050_00-BURNOUT3PS2-0		2888365507	2888365507	
SLUS20439	US	Futurama (Nostalgia Vault)	https://www.dropbox.com/scl/fi/ge4gzddya3gjq5yzp61v1/Futurama-PS2-Classics-SLUS20439.pkg?rlkey=zk7notrzn82rj20g8uu7fvvil&st=o04p2ps2&dl=1	MISSING	UP0000-SLUS20439_00-FUTURAMAPS2-0		2695091978	2695091978	
SLUS20367	US	Freekstyle (Nostalgia Vault)	https://www.dropbox.com/scl/fi/k94vgzce95nkthsm0kdqe/Freekstyle-PS2-Classics-SLUS20367.pkg?rlkey=ztehb6nmvqwcq89zma2vq5fuk&st=tfsqm4br&dl=1	MISSING	UP0000-SLUS20367_00-FREEKSTYLEPS2-0		697932186	697932186	
SLUS20658	US	Freedom Fighters (Nostalgia Vault)	https://www.dropbox.com/scl/fi/9yg8xghiww3azukfz22c4/Freedom-Fighters-The-Battle-for-Liberty-Island-PS2-Classics-SLUS20658.pkg?rlkey=rctmhhgc8emkpuckjcphjndob&st=lew0bmkj&dl=1	MISSING	UP0000-SLUS20658_00-FREEDOMFIGHTERS-0		2093796557	2093796557	
SLUS20312	US	Final Fantasy X (Nostalgia Vault)	https://www.dropbox.com/scl/fi/m2ztulqxj37b22c5uaf9w/Final-Fantasy-X-PS2-Classics-SLUS20312.pkg?rlkey=niz8xw3euglpv235m06b67lxe&st=veszipo0&dl=1	MISSING	UP0000-SLUS20312_00-FFX-0		4531190497	4531190497	
SCUS97408	EU	The Getaway: Black Monday (Nostalgia Vault)	https://www.dropbox.com/scl/fi/imcxjgvifppefopbs5jvq/Getaway-The-Black-Monday-PS2-Classics-SCUS97408.pkg?rlkey=e3b32ncf25smn3fofy5759dn2&st=rh1s8x9s&dl=1	MISSING	EP0000-SCUS97408_00-GETAWAYBLACKMONDAY-0		4230542787	4230542787	
SCUS97133	EU	The Getaway (Nostalgia Vault)	https://www.dropbox.com/scl/fi/ieo4izy9zuzyx5ftbtyjm/Getaway-The-PS2-Classics-SCUS97133.pkg?rlkey=8phh5ep2q7182jdg905xkhtkh&st=a7pz8yr1&dl=1	MISSING	EU0000-SCUS97133_00-THEGETAWAY-0		4509715661	4509715661	
SLUS21306	US	Ghost Rider (Nostalgia Vault)	https://www.dropbox.com/scl/fi/a8ierk6iqj2tirt86g1xe/Ghost-Rider-PS2-Classics-SLUS21306.pkg?rlkey=dw6fwr0krk1fqszuwdx4yiecc&st=eepe2q98&dl=1	MISSING	UP0000-SLUS21306_00-GHOSTRIDERPS2-0		2662879724	2662879724	
SLUS20576	US	Harry Potter and The Chamber of Secrets (Nostalgia Vault)	https://www.dropbox.com/scl/fi/pcy00ndn3tgpqfd1hoojf/Harry-Potter-and-The-Chamber-of-Secrets-PS2-Classics-SLUS20576.pkg?rlkey=v5h374eii921xklhx9vmuf8me&st=cx9aw782&dl=1	MISSING	UP0000-SLUS20576_00-CHAMBEROFSECRETSPS2-0		679678575	679678575	
SLUS21075	US	Haunting Ground (Nostalgia Vault)	https://www.dropbox.com/scl/fi/udrthnx28qdptwvgmaniq/Haunting-Ground-PS2-Classics-SLUS21075.pkg?rlkey=fqrf0ss6ixvy5i81e9mi1e6lf&st=vr0bre56&dl=1	MISSING	UP0000-SLUS21075_00-HAUNTINGROUNDPS2-0		4617089843	4617089843	
SLES54663	EU	Jackass - The Game (Nostalgia Vault)	https://www.dropbox.com/scl/fi/ysqupwg4xbkdnau4ohg6s/Jackass-The-Game-PS2-Classics-SLES54663.pkg?rlkey=ad60ygtyjn1a7oe3kai1m3is1&st=omktj42t&dl=1	MISSING	EP0000-SLES54663_00-JACKASSPS2-0		4176855695	4176855695	
SLUS21282	US	007: - From Russia with Love (Nostalgia Vault)	https://www.dropbox.com/scl/fi/m24gpoako91ud2rx05wc7/James-Bond-007-From-Russia-with-Love-PS2-Classics-SLUS21282.pkg?rlkey=hf5jma31snp6xbjvaeqv1zt7c&st=c2ly9nij&dl=1	MISSING	UP0000-SLUS21282_00-007FROMRUSSIAPS2		4649302098	4649302098	
SLUS20579	US	007: - Nightfire (Nostalgia Vault)	https://www.dropbox.com/scl/fi/3hr073u0g87pbr40gzooq/James-Bond-007-Nightfire-PS2-Classics-SLUS20579.pkg?rlkey=zyceng8j5ns7mqtc0baj1pnkq&st=k1zdpeb3&dl=1	MISSING	UP0000-SLUS205794_00-007NIGHTFIREPS2		2458868777	2458868777	
SLUS21311	US	King Kong (Nostalgia Vault)	https://www.dropbox.com/scl/fi/hu5zstht6137ydx2j26p9/King-Kong-PS2-Classics-SLUS21311.pkg?rlkey=5xqfd11apr8dwmtf049gz07nb&st=8fso24xr&dl=1	MISSING	UP0000-SLUS21311_00-KINGKONGPS2		1320702444	1320702444	
SCUS97279	US	Jet Li - Rise to Honor (Nostalgia Vault)	https://www.dropbox.com/scl/fi/wqjjqi9p02q13nnlfvr6u/Jet-Li-Rise-to-Honor-PS2-Classics-SCUS97279.pkg?rlkey=fgkup4wa1tjksi0iygqvocu5y&st=cvxeljgq&dl=1	MISSING	UP0000-SCUS97279_00-JETLIPS2		2888365507	2888365507	
SLUS20370	US	Kingdom Hearts (Nostalgia Vault)	https://www.dropbox.com/scl/fi/azplpu2ugjrx4ghds96i4/Kingdom-Hearts-PS2-Classics-SLUS20370.pkg?rlkey=t8mb84q0m48qd8c1b5j2iue3c&st=ht3wnuc8&dl=1	MISSING	UP0000-SLUS20370_00-KINGDOMHEARTSPS2		3060164198	3060164198	
SLUS21007	US	Kuon (Nostalgia Vault)	https://www.dropbox.com/scl/fi/h1kz4aakwejrzb095d1x1/Kuon-PS2-Classics-SLUS21007.pkg?rlkey=ydlgqmdgd1guaaa8vdunpeqo8&st=lgp7h6u5&dl=1	MISSING	UP0000-SLUS21007_00-KUONPS2		2136746230	2136746230	
SLUS21083	US	LEGO Star Wars (Nostalgia Vault)	https://www.dropbox.com/scl/fi/0h6azp6mtuz0h2rv0oa38/LEGO-Star-Wars-PS2-Classics-SLUS21083.pkg?rlkey=lx1ocm0uff1skv2txmza23z2r&st=u8phn4yz&dl=1	MISSING	UP0000-SLUS21083_00-LEGOSTARWARSPS2		1889785610	1889785610	
SLUS20578	US	Lord of the Rings - The Two Towers (Nostalgia Vault)	https://www.dropbox.com/scl/fi/h9pf9jni86p8rhrg6csuh/Lord-of-the-Rings-The-The-Two-Towers-PS2-Classics-SLUS20578.pkg?rlkey=ku0f39tczl9lp2d4yjqx3a8wy&st=9zepyzkm&dl=1	MISSING	UP0000-SLUS20578_00-RINGSTWOTOWERSPS2		4144643441	4144643441	
SLUS21213	US	Madden NFL '06 (Nostalgia Vault)	https://www.dropbox.com/scl/fi/kwqyy8qta9mcsfxdfs5fb/Madden-NFL-06-PS2-Classics-SLUS21213.pkg?rlkey=yanfbd6redr8zgwhxxjr2vat1&st=ngopb77g&dl=1	MISSING	UP0000-SLUS21213_00-MADDEN06PS2		3414499000	3414499000	
SLUS20671	US	Mafia (Nostalgia Vault)	https://www.dropbox.com/scl/fi/wrxapx919bbh9cx67qdi2/Mafia-PS2-Classics-SLUS20671.pkg?rlkey=jxi62wpp21qp7i2e9hp3adruv&st=18na5wjq&dl=1	MISSING	UP0000-SLUS20671_00-MAFIAPS2		4155380859	4155380859	
SLUS21035	US	MLB 2K5 (Nostalgia Vault)	https://www.dropbox.com/scl/fi/hz4css3t9ecubb3hc0ns3/Creatures-Raised-In-Space-PS1-Classics-Vault-SLUS01553.pkg?rlkey=42ri2p6tmzgc46pxzmvlt07i5&st=4zqzh5d5&dl=1	MISSING	UP0000-SLUS21035_00-MLB2K5PS2		3886945403	3886945403	
SLUS20827	US	Manhunt (Nostalgia Vault)	https://www.dropbox.com/scl/fi/r6v5ay3b8pg403fhyduc5/Manhunt-PS2-Classics-SLUS20827.pkg?rlkey=3rmz8jeymwnd3fh4310r7kskj&st=3cfmoclq&dl=1	MISSING	UP0000-SLUS20827_00-MANHUNTPS2		4724464026	4724464026	
SLUS21613	US	Manhunt 2 (Nostalgia Vault)	https://www.dropbox.com/scl/fi/s1nq8hmg0fjitrjg1y49w/Manhunt-2-PS2-Classics-SLUS21613.pkg?rlkey=cpgbgaszm6g04a4urc5czq8bk&st=jhjmke4s&dl=1	MISSING	UP0000-SLUS21613_00-MANHUNT2PS2		2684354560	2684354560	
SLUS21032	US	Marc Ecko's Getting Up (Nostalgia Vault)	https://www.dropbox.com/scl/fi/fr4xrifuz4usi79sther8/Marc-Ecko-s-Getting-Up-Contents-Under-Pressure-PS2-Classics-SLUS21032.pkg?rlkey=iejljmjvaf6j5hoxriy6x2oge&st=l7xau0pp&dl=1	MISSING	UP0000-SLUS21032_00-GETTINGUPPS2		2254857830	2254857830	
SLUS20486	US	Marvel vs Capcom 2 (Nostalgia Vault)	https://www.dropbox.com/scl/fi/kn5fvy95lsilbq3dzbhl2/Marvel-vs-Capcom-2-PS2-Classics-SLUS20486.pkg?rlkey=w7fmjxqocqyrghhuq8xoiwol8&st=edcdino5&dl=1	MISSING	UP0000-SLUS20486_00-MVC2PS2		263066747	263066747	
SLUS21273	US	Matrix: The Path of NEO (Nostalgia Vault)	https://www.dropbox.com/scl/fi/2eww9ck94n74mzkvo0fos/Matrix-The-Path-of-Neo-PS2-Classics-SLUS21273.pkg?rlkey=hnulv53ywgte05u6sbduw8jx7&st=txy67gol&dl=1	MISSING	UP0000-SLUS21273_00-MATRIXNEOPS2		4724464026	4724464026	
SLUS20230	US	Max Payne (Nostalgia Vault)	https://www.dropbox.com/scl/fi/8uq88dy0p24vfmfjaf7mi/Max-Payne-PS2-Classics-SLUS20230.pkg?rlkey=lrlb2o20lwxilxiluanus1kqw&st=ofc79p5r&dl=1	MISSING	UP0000-SLUS20230_00-MAXPAYNEPS2		4402341478	4402341478	
SLUS20814	US	Max Payne 2 (Nostalgia Vault)	https://www.dropbox.com/scl/fi/8uq88dy0p24vfmfjaf7mi/Max-Payne-PS2-Classics-SLUS20230.pkg?rlkey=lrlb2o20lwxilxiluanus1kqw&st=xfey6rr3&dl=1	MISSING	UP0000-SLUS20814_00-MAXPAYNE2PS2		2619930051	2619930051	
SLUS20951	US	Viewtiful Joe (Nostalgia Vault)	https://www.dropbox.com/scl/fi/nzdbnrdz2fut8frgghtt0/Viewtiful-Joe-Nostalgia-Vault-PS2-Classics-SLUS20951.pkg?rlkey=zd3fe3yji7vs44rom8g3vcacl&dl=1	MISSING	UP0000-SLUS20951_00-VJOEPS2		2576980378	2576980378	
SLUS20939	US	Viewtiful Joe 2 (Nostalgia Vault)	https://www.dropbox.com/scl/fi/n4up62h83zvys966x74r2/Viewtiful-Joe-2-Nostalgia-Vault-PS2-Classics-SLUS20939.pkg?rlkey=zyqip7j8w9ez6wyb57zkdtvn7&dl=1	MISSING	UP0000-SLUS20939_00-VJOE2PS2		1288490189	1288490189	
SLES54210	EU	NBA 2K7 (Nostalgia Vault)	https://www.dropbox.com/scl/fi/yl8g103si8l7hhtbl272u/NBA-2K7-Nostalgia-Vault-PS2-Classics-SLES54210.pkg?rlkey=gxwdleie9x2jl0y8vd4k4xrcc&dl=1	MISSING	UP0000-SLES54210_00-NBA2K7PS2		3955664880	3955664880	
SLUS21355	US	Midnight Club 3: DUB Edition Remix (Nostalgia Vault)	https://www.dropbox.com/scl/fi/x6ietp9erdv7aw2x9nac2/Midnight-Club-3-DUB-Edition-Remix-PS2-Classics-SLUS21355.pkg?rlkey=lfxvt625vieexb32wt705v49n&dl=1	MISSING	UP0000-SLUS21355_00-MC3DUBREMIXPS2		8992587776	8992587776	
SLUS20209	US	Midnight Club II (Nostalgia Vault)	https://www.dropbox.com/scl/fi/0xk1skzw9un9kuxgeo5of/Conspiracy-Weapons-of-Mass-Destruction-PS2-Classics-Vault-PS2-Classics-SLES53098.pkg?rlkey=17232aab1m0vjh7il0laf1tej&st=0fw22k7i&dl=1	MISSING	UP0000-SLUS20209_00-MCIIPS2		3264175145	3264175145	
SLUS20423	US	Mortal Kombat - Deadly Alliance (Nostalgia Vault)	https://www.dropbox.com/scl/fi/pu1a6emqbdsa5h9o63v7t/Mortal-Kombat-Deadly-Alliance-PS2-Classics-SLUS20423.pkg?rlkey=gwr1ev8niw9clip2434r291vn&st=dot6ob83&dl=1	MISSING	UP0000-SLUS20423-MKDAPS2		4713726607	4713726607	
SLUS20881	US	Mortal Kombat - Deception (Nostalgia Vault)	https://www.dropbox.com/scl/fi/pu1a6emqbdsa5h9o63v7t/Mortal-Kombat-Deadly-Alliance-PS2-Classics-SLUS20423.pkg?rlkey=gwr1ev8niw9clip2434r291vn&st=2k5u2y1x&dl=1	MISSING	UP0000-SLUS20881-MKDPS2		4702989189	4702989189	
SLUS21582	US	MVP 07: NCAA Baseball (Nostalgia Vault)	https://www.dropbox.com/scl/fi/1x99aot151w63nzm03y1g/MVP-07-NCAA-Baseball-PS2-Classics-SLUS21582.pkg?rlkey=uxk7nww21w0r4igvb1pz1r9v6&st=gjfp3v82&dl=1	MISSING	UP0000-SLUS21582_00-MVP07PS2		4327179551	4327179551	
SLUS21135	US	MVP Baseball 2005 (Nostalgia Vault)	https://www.dropbox.com/scl/fi/y1j4poe8gxq8uw8l5ii24/MVP-Baseball-2005-PS2-Classics-SLUS21135.pkg?rlkey=jlxmumrn3bhu8dkhmr619wgqq&st=z90qw5xj&dl=1	MISSING	UP0000-SLUS21135_00-MVP2005PS2		4327179551	4327179551	
SLUS21315	US	50 Cent - Bulletproof (Nostalgia Vault)	https://www.dropbox.com/scl/fi/sakk2ks72ql4oxpfgcbxc/50Cent-Bulletproof-PS2-Classics-Vault-PS2-Classics-SLUS21315.pkg?rlkey=s8vi6t92a5dxw27xrzfv3vxdq&st=ahk05v14&dl=1	MISSING	UP0000-SLUS21315_00-50CENTPS2		6431713526	6431713526	
SLUS21104	US	MX vs. ATV Unleashed (Nostalgia Vault)	https://www.dropbox.com/scl/fi/vtlgdasxrwqu50kjcd28l/MX-vs.-ATV-Unleashed-PS2-Classics-Vault-PS2-Classics-SLUS21104.pkg?rlkey=ewu1r6go9a3nc74kn2sn8odt7&st=6a3aw026&dl=1	MISSING	UP0000-SLUS21104_00-MXVSATVUNLEASHEDPS2		4563402752	4563402752	
SLES54163	EU	Naruto Ultimate Ninja (Nostalgia Vault)	https://www.dropbox.com/scl/fi/cfyxj5zt2f8vaspvkz6bl/Naruto-Ultimate-Ninja-PS2-Classics-SLES54163.pkg?rlkey=x22tpc80z8z5b1mmnhau0baqy&st=8zv5h3pg&dl=1	MISSING	EP0000-SLES54163_00-NARUTO1PS2		4348654387	4348654387	
SLES54878	EU	Naruto Ultimate Ninja 2 (Nostalgia Vault)	https://www.dropbox.com/scl/fi/bhz7p1piurdf2aody6f41/Naruto-Ultimate-Ninja-2-PS2-Classics-SLES54878.pkg?rlkey=kl9k3cj866xhd9g7u8h0ymm1v&st=nt7e85in&dl=1	MISSING	EP0000-SLES54878_00-NARUTO2PS2		4133906022	4133906022	
SLUS21727	US	Naruto Ultimate Ninja 3 (Nostalgia Vault)	https://www.dropbox.com/scl/fi/or4bjk0b7uwsrq0m3gm2v/Naruto-Ultimate-Ninja-3-PS2-Classics-SLUS21727.pkg?rlkey=lrljiqdd98xuao5zkulw3ep2q&st=qitwue54&dl=1	MISSING	UP0000-SLUS21727_00-NARUTO3PS2		4069481513	4069481513	
SLUS21862	US	Naruto Ultimate Ninja 4 (Nostalgia Vault)	https://www.dropbox.com/scl/fi/wn3xg80q6bn45nljn83jg/Naruto-Shippuden-Ultimate-Ninja-4-PS2-Classics-SLUS21862.pkg?rlkey=b53a4h4w6a2qq5p7hz5ktaeb8&st=p88nkmcc&dl=1	MISSING	UP0000-SLUS21862_00-NARUTO4PS2		4123168604	4123168604	
SLES55605	EU	Naruto Ultimate Ninja 5 (Nostalgia Vault)	https://www.dropbox.com/scl/fi/7tmmvb7cgs2k5ad4c9kgf/Naruto-Shippuden-Ultimate-Ninja-5-PS2-Classics-SLES55605.pkg?rlkey=286no8on32iagvuks3w82utlu&st=ifx3hz44&dl=1	MISSING	EP0000-SLES55605_00-NARUTO5PS2		1943472701	1943472701	
SLUS20441	US	NASCAR - Dirt to Daytona (Nostalgia Vault)	https://www.dropbox.com/scl/fi/td75l6i5pznkx8hkg9st1/NASCAR-Dirt-to-Daytona-PS2-Classics-SLUS20441.pkg?rlkey=qob1lrx019olvqyzhzss35yw8&st=qdc5o0b3&dl=1	MISSING	UP0000-SLUS20441_00NASCARD2DPS2		2952790016	2952790016	
SLUS21003	US	NASCAR 2005 - Chase for the Cup (Nostalgia Vault)	https://www.dropbox.com/scl/fi/va3qwask8ygfcsaclk1nf/Onimusha-3-PS2-Classics-Vault-PS2-Classics-SLUS20694.pkg?rlkey=0zj005idq10gpu9f2q2tr0hnc&st=sanp8x3l&dl=1	MISSING	UP0000-SLUS21003_00-NASCAR2005PS2		3833258312	3833258312	
SLUS21460	US	NBA Live '07 (Nostalgia Vault)	https://www.dropbox.com/scl/fi/p36toyijv9dr5wvmkmyjj/NBA-Live-07-PS2-Classics-SLUS21460.pkg?rlkey=era02w3qg0cnmp5oo1iklhj62&st=hdougzll&dl=1	MISSING	UP0000-SLUS21460_00-NBALIVE07PS2		4713726607	4713726607	
SLES51481	EU	NBA Street 2 (Nostalgia Vault)	https://www.dropbox.com/scl/fi/7u6z6a5vf2chfnfpktnth/NBA-Street-2-PS2-Classics-SLES51481.pkg?rlkey=8vt6kmwh01n2ac9exyrgwki7m&st=5rirxcbq&dl=1	MISSING	EP0000-SLES51481_00-NBASTREET2PS2		4090956349	4090956349	
SLES53001	EU	NBA Street 3 (Nostalgia Vault)	https://www.dropbox.com/scl/fi/5s3lwsulatkj9xclsh8az/NBA-Street-3-PS2-Classics-SLES53001.pkg?rlkey=rscvw5lm5dlb49xbhnk9aa6n8&st=kf09kgfv&dl=1	MISSING	EP0000-SLES53001_00-NBASTREET3PS2		4724464026	4724464026	
SLUS20362	US	Need for Speed - Hot Pursuit 2 (Nostalgia Vault)	https://www.dropbox.com/scl/fi/qze4ckrb5qzhbrxuymlr0/Need-for-Speed-Hot-Pursuit-2-PS2-Classics-SLUS20362.pkg?rlkey=vnischapji4dwkjcefmrlmlys&st=60kwqa2z&dl=1	MISSING	UP0000-SLUS20362_00-NFSHP2		3146063544	3146063544	
SLUS21267	US	Need for Speed - Most Wanted (Nostalgia Vault)	https://www.dropbox.com/scl/fi/rwpfydwxgs0wjj0dk6jp1/Need-for-Speed-Most-Wanted-PS2-Classics-SLUS21267.pkg?rlkey=i3tgxm7lrvvgjldwwtuc3cxf6&st=w0br23s5&dl=1	MISSING	UP0000-SLUS21267_00-NFSMOSTWANTEDPS2		3725884129	3725884129	
SLUS20811	US	Need for Speed - Underground (Nostalgia Vault)	https://www.dropbox.com/scl/fi/lfd0ffuxn8wbiuahcyc2l/Fighting-Force-PS1-Classics-Vault-SLUS00433.pkg?rlkey=fej13vca2aovv9w7p5q76mvqo&st=5z1pkhv2&dl=1	MISSING	UP0000-SLUS20811_00-NFSUNDERGROUNDPS2		2748779069	2748779069	
SLUS20438	US	NHL Hitz 2003 (Nostalgia Vault)	https://www.dropbox.com/scl/fi/lac1lrb5ytkum7gicmpyi/NHL-Hitz-2003-PS2-Classics-SLUS20438.pkg?rlkey=d0uk3yre55xfcbl9frecidbys&st=c2jpizjc&dl=1	MISSING	UP0000-SLUS20438_00-NHLHITS03PS2		1589137900	1589137900	
SLUS20777	US	Obscure (Nostalgia Vault)	https://www.dropbox.com/scl/fi/wwan7lzk7ud2o54n23rzx/Obscure-PS2-Classics-SLUS20777.pkg?rlkey=tw047xv6e3ajuf59ione9nvo4&st=3okweuo3&dl=1	MISSING	UP0000-SLUS20777_00-OBSCUREPS2		3146063544	3146063544	
SLUS20875	US	Predator - Concrete Jungle (Nostalgia Vault)	https://www.dropbox.com/scl/fi/wu27zp45ihzykxjyuek04/Predator-Concrete-Jungle-PS2-Classics-SLUS20875.pkg?rlkey=yg5xa716r5ue8q9wu7qe2b7bq&st=d9sm2yhs&dl=1	MISSING	UP0000-SLUS20875_00-PREDATORPS2		4058744095	4058744095	
SLES54203	EU	Pro Evolution Soccer 6 (Nostalgia Vault)	https://www.dropbox.com/scl/fi/npgjuwbx66ttxg8hpko58/Tiny-Toon-Adventures-Buster-The-Beanstalk-PS1-Classics-Vault-SLUS00638.pkg?rlkey=gm5t1v92bwgckr1secz66chsf&st=x0x8qla4&dl=1	MISSING	EP0000-SLUES54203_00-PES6PS2		1460288881	1460288881	
SLUS20500	US	Ready 2 Rumble Boxing - Round 2 (Nostalgia Vault)	https://www.dropbox.com/scl/fi/9v53gh096uw0oyt82b8lu/Ready-2-Rumble-Boxing-Round-2-PS2-Classics-SLUS20054.pkg?rlkey=27u0r7gv3l1j3og1reuqe7xyp&st=xxc4r6ef&dl=1	MISSING	UP0000-SLUS20054_00-R2RR2PS2		768799146	768799146	
SLUS20500	US	Red Dead Revolver (Nostalgia Vault)	https://www.dropbox.com/scl/fi/hy88ml6vxair19r8n88wx/Red-Dead-Revolver-PS2-Classics-SLUS20500.pkg?rlkey=cdoxmheq49nd4ng4mmxmbxi9o&st=g8omtkbh&dl=1	MISSING	UP0000-SLUS20500_00-REDDEADREVOLVERPS2		2362232013	2362232013	
SLUS21479	US	Reservoir Dogs (Nostalgia Vault)	https://www.dropbox.com/scl/fi/y5a6bebw31dqqpt5lldz5/Phantom-Brave-PS2-Classics-Vault-PS2-Classics-SLUS20955.pkg?rlkey=m1oo8jh6o8h69o4uoy7pagm8t&st=sp61oyk6&dl=1	MISSING	UP0000-SLUS21479_00-RDOGSPS2		3736621548	3736621548	
SLUS21448	US	Rule of Rose (Nostalgia Vault)	https://www.dropbox.com/scl/fi/rp5am1od0bvbt8rbelp9e/Incredible-Crisis-PS1-Classics-Vault-SLUS01225.pkg?rlkey=xl1knf4pxsfqtmkiasms7m4wu&st=nytlyxzq&dl=1	MISSING	UP0000-SLUS21448_00-RULEOFROSEPS2		3414499000	3414499000	
SLUS21111	US	Scarface - The World is Yours (Nostalgia Vault)	https://www.dropbox.com/scl/fi/jrtlpppjrejfd5izo8gs1/Scarface-The-World-is-Yours-PS2-Classics-SLUS21111.pkg?rlkey=15zy4drts4i3kifwuwhnccwqh&st=dci6ck3l&dl=1	MISSING	UP0000-SLUS21111_00-SCARFACEPS2		3822520893	3822520893	
SCUS97472	US	Shadow of the Colossus (Nostalgia Vault)	https://www.dropbox.com/scl/fi/7mecnrevn8vwj578817uq/Shadow-of-the-Colossus-PS2-Classics-SCUS97472.pkg?rlkey=cicyzgyb2pj694xac6tuq41bq&st=fegvivgl&dl=1	MISSING	UP0000-SCUS97472_00-SHADOWOFCPS2		2716566815	2716566815	
SLES53542	US	Shadow the Hedgehog (Nostalgia Vault)	https://www.dropbox.com/scl/fi/i8acd8m46dhmw9tosk1mv/Shadow-the-Hedgehog-PS2-Classics-SLES53542.pkg?rlkey=a70xgwgft4wocpakt1lc1yyn1&st=dpbrjrpr&dl=1	MISSING	EP0000-SLES53542_00-SHADOWHEDGEHOGPS2		2179695903	2179695903	
SLUS21782	US	Persona 4 - Shin Megami Tensei (Nostalgia Vault)	https://www.dropbox.com/scl/fi/84ekewa0t6bk4criguokd/Shin-Megami-Tensei-Persona-4-PS2-Classics-SLUS21782.pkg?rlkey=bpeas9kd309u85tbl1lii05r1&st=dafog64g&dl=1	MISSING	UP0000-SLUS21782_00-PERSONA4PS2		4434553733	4434553733	
SLUS21197	US	Shrek Superslam (Nostalgia Vault)	https://www.dropbox.com/scl/fi/d8jux8w6mknmz8caovxnb/Shrek-Superslam-PS2-Classics-SLUS21197.pkg?rlkey=wpi2xmes7904fzudwd456tpje&st=s90kvx2n&dl=1	MISSING	UP0000-SLUS21197_00-SHREKSSPS2		1782411428	1782411428	
SLUS21731	US	Silent Hill - Origins (Nostalgia Vault)	https://www.dropbox.com/scl/fi/ujoa3sf7ot2zsjm9g9049/Silent-Hill-Origins-PS2-Classics-SLUS21731.pkg?rlkey=af5q0297xgp72kpwu03no1wpj&st=3qvesc1f&dl=1	MISSING	UP0000-SLUS21731_00-SILENTHILLORIGINSPS2		3103113871	3103113871	
SLUS21899	US	Silent Hill - Shattered Memories (Nostalgia Vault)	https://www.dropbox.com/scl/fi/zdf1nkipvcgh7pfo3pd4k/Silent-Hill-Shattered-Memories-PS2-Classics-SLUS21899.pkg?rlkey=j3nr30ibcbzht74b6c7iog73m&st=caanlyo8&dl=1	MISSING	UP0000-SLUS21899_00-SHMEMORIESPS2		1471026299	1471026299	
SLUS20305	US	The Simpsons - Road Rage (Nostalgia Vault)	https://www.dropbox.com/scl/fi/p59tc254q7ybgd99y0g66/Simpsons-The-Road-Rage-PS2-Classics-SLUS20305.pkg?rlkey=q93u3h8w4gpuivtiody6ft73u&st=94rekrbg&dl=1	MISSING	UP0000-SLUS20305_00-SIMPSONSROADRAGEPS2		2512555868	2512555868	
SLES53718	EU	The Sims 2 (Nostalgia Vault)	https://www.dropbox.com/scl/fi/omrywq7r02wgtdbef5o4q/Devil-Dice-PS1-Classics-Vault-SLUS00672.pkg?rlkey=g5kzrne5hzcqfxqmyirjf2cp1&st=y1jnh4kf&dl=1	MISSING	EP0000-SLES53718_00-SIMS2PS2		3575560274	3575560274	
SLUS20842	US	The Sims Bustin' Out (Nostalgia Vault)	https://www.dropbox.com/scl/fi/v3re8ggrc50r1xcji5bau/Sims-The-Bustin-Out-PS2-Classics-SLUS20842.pkg?rlkey=h71h7jt0umhusko41e1tk29km&st=z48cphea&dl=1	MISSING	UP0000-SLUS20842_00-SIMSBUSTINPS2		2158221066	2158221066	
SCUS97134	US	SOCOM - US Navy SEALs (Nostalgia Vault)	https://www.dropbox.com/scl/fi/takc5rz9ztomb8vlh1wbw/SOCOM-U.S.-Navy-SEALs-PS2-Classics-SCUS97134.pkg?rlkey=26tarkkwc5o2xlnzwzfv1vcja&st=k0i7jo35&dl=1	MISSING	UP0000-SCUS97134_00-SOCOM1PS2		3521873183	3521873182	
SCUS97275	US	SOCOM II - US Navy SEALs (Nostalgia Vault)	https://www.dropbox.com/scl/fi/rm9jhcswgz680slhofqm3/SOCOM-II-U.S.-Navy-SEALs-PS2-Classics-SCUS97275.pkg?rlkey=0etcxdlda3izbwkntrbuops5h&st=1tel19q6&dl=1	MISSING	UP0000-SCUS97275_00-SOCOM2PS2		4402341478	4402341478	
SCUS97474	US	SOCOM III - US Navy SEALs (Nostalgia Vault)	https://www.dropbox.com/scl/fi/tqzlt5w5675oq5k8fzadt/SOCOM-3-U.S.-Navy-SEALs-PS2-Classics-SCUS97474.pkg?rlkey=avwllmpuehybydtxfcpxgh88x&st=rzr6n4na&dl=1	MISSING	UP0000-SCUS97474_00-SOCOMIIIPS2		4230542787	4230542787	
SLUS20718	US	Sonic Heroes (Nostalgia Vault)	https://www.dropbox.com/scl/fi/0ay1yttde5wnq05vhi34i/Sonic-Heroes-PS2-Classics-Vault-PS2-Classics-SLUS20718.pkg?rlkey=czkue80896cwuc280poal4c0c&st=vcm5pj8d&dl=1	MISSING	UP0000-SLUS20718_00-SONICHEROESPS2		4735201444	4735201444	
SLUS21331	US	Sonic Riders (Nostalgia Vault)	https://www.dropbox.com/scl/fi/adrejc759gwsr3sznfp1c/Sonic-Riders-PS2-Classics-SLUS21331.pkg?rlkey=847vx0gvbfnv50xfn3q1eerpu&st=udq7york&dl=1	MISSING	UP0000-SLUS21331_00-SONICRIDERSPS2		1921997865	1921997865	
SLES54209	EU	The Sopranos - Road to Respect (Nostalgia Vault)	https://www.dropbox.com/scl/fi/jiq3pmp40qw5d8gtbam7l/Sopranos-The-Road-to-Respect-PS2-Classics-SLES54209.pkg?rlkey=2w93djg2o27ahj8oh3uql0a4m&st=2etutr8v&dl=1	MISSING	EP0000-SLES54209_00-SOPRANOSPS2		4735201444	4735201444	
SLUS21216	US	Soul Caliber III (Nostalgia Vault)	https://www.dropbox.com/scl/fi/dp8old65wy62jygnurlrb/Soul-Calibur-III-PS2-Classics-SLUS21216.pkg?rlkey=ve5lal3jrm0q0fo05iy8c56la&st=7uivf2jy&dl=1	MISSING	UP0000-SLUS21216_00-SCIIIPS2		4413078897	4413078897	
SLUS20707	US	Spawn - Armageddon (Nostalgia Vault)	https://www.dropbox.com/scl/fi/3e1up02hkz8if5cxzi108/Spawn-Armageddon-PS2-Classics-SLUS20707.pkg?rlkey=a6qcy8k65lkrxg9vwy6jftlph&st=022cbfuy&dl=1	MISSING	UP0000-SLUS20707_00-SPAWNPS2		1331439862	1331439862	
SLUS21600	US	Spider-Man - Friend or Foe (Nostalgia Vault)	https://www.dropbox.com/scl/fi/0kuo1nkl2rdq7c2kspoy8/Spider-Man-Friend-or-Foe-PS2-Classics-SLUS21600.pkg?rlkey=2iz5nhswe3nb9sd8pajzolziy&st=bjuuylgv&dl=1	MISSING	UP0000-SLUS21600_00-SPIDERMANFORFPS2		4241280205	4241280205	
SLUS20336	US	Spider-Man - The Movie (Nostalgia Vault)	https://www.dropbox.com/scl/fi/jvzdb2wehc4s8hbq2ei4t/Spyro-The-Dragon-PS1-Classics-Vault-SCUS94228.pkg?rlkey=sdapm7z8ayn0kmmjc5uwkeh2g&st=2p74144n&dl=1	MISSING	UP0000-SLUS20336_00-SPIDERMAN1PS2		3060164198	3060164198	
SLUS20776	US	Spider-Man 2 (Nostalgia Vault)	https://www.dropbox.com/scl/fi/sgdifk0izn04g52hv4kvq/Spider-Man-2-PS2-Classics-SLUS20776.pkg?rlkey=5osqlgf8f715zvjujqo8ysk4d&st=xpv4hcy4&dl=1	MISSING	UP0000-SLUS20776_00-SPIDERMAN2PS2		4155380859	4155380859	
SLUS20904	US	Spongebob Squarepants - The Movie (Nostalgia Vault)	https://www.dropbox.com/scl/fi/rwiitzo6j1ispt28egkdi/SpongeBob-Squarepants-The-Movie-PS2-Classics-SLUS20904.pkg?rlkey=tqw63ib33xayifl90osra8dwf&st=exd3vs7s&dl=1	MISSING	UP0000-SLUS20904_00-SBSQMOVIEPS2		1267015352	1267015352	
SLUS20680	US	Spongebob Squarepants - The Battle for Bikini Bottom (Nostalgia Vault)	https://www.dropbox.com/scl/fi/w1tsneh9nrwawopq84pwe/Assault-Retribution-PS1-Classics-Vault-SLUS00713.pkg?rlkey=dtg0nj9ch5xb18r9yg58u88us&st=w2vcd0eo&dl=1	MISSING	UP0000-SLUS20680_00-SBBATTLEPS2		1256277934	1256277934	
SLUS21252	US	Spongebob Squarepants - Lights, Camera, PANTS! (Nostalgia Vault)	https://www.dropbox.com/scl/fi/gkd6hmb945v7w73ptgd4n/SpongeBob-Squarepants-Lights-Camera-PANTS-PS2-Classics-SLUS21252.pkg?rlkey=zis7s9fsm9ao257lifa61nwxz&st=6r1nzpx0&dl=1	MISSING	UP0000-SLUS21252_00-SBPANTSPS2PS2		1471026299	1471026299	
SLUS20056	US	Spyhunter (Nostalgia Vault)	https://www.dropbox.com/scl/fi/meeuae1fp1pkcivnkwox5/Spy-Hunter-PS2-Classics-SLUS20056.pkg?rlkey=19qw10ix6b1srta1kp79ida0n&st=8xbpnmp3&dl=1	MISSING	UP0000-SLUS20056_00-SPYHUNTERPS2		1975684956	1975684956	
SLUS20095	US	SSX (Nostalgia Vault)	https://www.dropbox.com/scl/fi/3e82jhfai3di0zg849ahf/LEGO-Star-Wars-2-Original-Trilogy-PS2-Classics-Vault-PS2-Classics-SLUS21409.pkg?rlkey=e7fj8dl8ct68cl1kha09gsmq2&st=uek20mba&dl=1	MISSING	UP0000-SLUS20095_00-SSXPS2		704374637	704374637	
SLUS20772	US	SSX 3 (Nostalgia Vault)	https://www.dropbox.com/scl/fi/8pdtakd66c7ppsn1ythkk/SSX-3-PS2-Classics-SLUS20772.pkg?rlkey=8dfvs4coiv55b53yenvjhxktk&st=5v53e6f4&dl=1	MISSING	EP0000-SLUS20772_00-SSX3PS2		3027951944	3027951944	
SLES53552	EU	SSX On Tour (Nostalgia Vault)	https://www.dropbox.com/scl/fi/5phfzo3xx594i0jw5a7we/SSX-On-Tour-PS2-Classics-SLES53552.pkg?rlkey=flqf4tr9g5bilyk71ly1v37di&st=omjsdykd&dl=1	MISSING	UP0000-SLES53552_00-SSXONTOURPS2		4724464026	4724464026	
SLUS20326	US	SSX Tricky (Nostalgia Vault)	https://www.dropbox.com/scl/fi/osgyindq736xq18vjcr7n/The-Operative-No-One-Lives-Forever-PS2-Classics-Vault-PS2-Classics-SLUS20028.pkg?rlkey=xycp7joti58bmz00ddfzpn6ni&st=8pqqorjq&dl=1	MISSING	UP0000-SLUS20326_00-SSXTRICKYPS2		2920577762	2920577762	
SLUS21143	US	Star Wars - Episode III - Revenge of the Sith (Nostalgia Vault)	https://www.dropbox.com/scl/fi/wly6dmizkdkzrr87kp8u1/Star-Wars-Episode-III-Revenge-of-the-Sith-PS2-Classics-SLUS21143.pkg?rlkey=kfqibx4lz8zotpvr9xo9hludy&st=lwmqu1c8&dl=1	MISSING	UP0000-SLUS21143_00-SWEP3PS2		2748779069	2748779069	
SLUS20898	US	Star Wars - Battlefront (Nostalgia Vault)	https://www.dropbox.com/scl/fi/g21wg7l3zd874tao97rfw/Star-Wars-Battlefront-PS2-Classics-Vault-PS2-Classics-SLUS20898.pkg?rlkey=0yli8ivm2qchuh1l9dkmd7wyl&st=ewsw0wqg&dl=1	MISSING	UP0000-SLUS20898_00-SWBATLLEFRONTPS2		4735201444	4735201444	
SLUS21240	US	Star Wars Battlefront II (Nostalgia Vault)	https://www.dropbox.com/scl/fi/805hfgenq3ajp00rff7j3/Star-Wars-Battlefront-II-PS2-Classics-SLUS21240.pkg?rlkey=d0pa6i0ok1pqfarvd2tlubs8u&st=xaqj1c46&dl=1	MISSING	UP0000-SLUS21240_00-SWBF2PS2		4692251771	4692251771	
SLUS20214	US	State of Emergency (Nostalgia Vault)	https://www.dropbox.com/scl/fi/wr199plyypi8cxarbvbqc/State-of-Emergency-PS2-Classics-SLUS20214.pkg?rlkey=0wgfae4221sewo6fa8fctyssw&st=c7pc1tn0&dl=1	MISSING	UP0000-SLUS20214_00-STATEOFEMERGENCYPS2		4692251771	4692251771	
SLUS20949	US	Street Fighter Anniversary Collection (Nostalgia Vault)	https://www.dropbox.com/scl/fi/yl42wrbozm81520zccpp5/Street-Fighter-Anniversary-Collection-PS2-Classics-SLUS20949.pkg?rlkey=poyavcmy92o6owaqgld6supa9&st=c04cdgw1&dl=1	MISSING	UP0000-SLUS20949_00-SFACPS2		3435973837	3435973837	
SLUS20636	EU	The Suffering (Nostalgia Vault)	https://www.dropbox.com/scl/fi/s2vmjt3s0dzud2a5svryx/F1-World-Grand-Prix-PS1-Classics-Vault-SLES03102.pkg?rlkey=eg59oo0v3rngvtzk2wfkbi7rz&st=h6yigpjy&dl=1	MISSING	UP0000-SLUS20636_00-SUFFERINGPS2		3575560274	3575560274	
SLUS21595	US	Teenage Mutant Ninja Turtles (TMNT) (Nostalgia Vault)	https://www.dropbox.com/scl/fi/5qfoiy02khpbsxebjn6gf/T.M.N.T.-Teenage-Mutant-Ninja-Turtles-PS2-Classics-SLUS21595.pkg?rlkey=nelmxgcbff3wi1ur22t317xl4&st=kddilrvu&dl=1	MISSING	UP0000-SLUS21595_00-TMNTPS2		4702989189	4702989189	
SLUS20716	US	Teenage Mutant Ninja Turtles (Nostalgia Vault)	https://www.dropbox.com/scl/fi/5qfoiy02khpbsxebjn6gf/T.M.N.T.-Teenage-Mutant-Ninja-Turtles-PS2-Classics-SLUS21595.pkg?rlkey=nelmxgcbff3wi1ur22t317xl4&st=5dmqb52h&dl=1	MISSING	UP0000-SLUS20716_00-NINJATURTLESPS2		1385126953	1385126953	
SLUS00402	US	Tekken 3 (Nostalgia Vault)	https://www.dropbox.com/scl/fi/m8cm7vyjd51gvk2t2vb8m/TEKKEN-3.pkg?rlkey=z35p0qenjls2ot1s4sqmuyp9p&st=pjxqw1ia&dl=1	MISSING	UP0000-SLUS00402_00-TEKKEN3PS1		709743346	709743345	
SLUS20328	US	Tekken 4 (Nostalgia Vault)	https://www.dropbox.com/scl/fi/6gw30xb22i4d000wabw7p/The-Last-of-Us-PS3-Classics-Vault-BCUS98174-License.pkg?rlkey=22h3ubu4m7mgnx5jhzi8gli7i&st=01axqlry&dl=1	MISSING	UP0000-SLUS20328_00-TEKKEN4PS2		2716566815	2716566815	
SLUS21059	US	Tekken 5 (Nostalgia Vault)	https://www.dropbox.com/scl/fi/1a8k9li5l1aardq4jvy43/Tekken-5-PS2-Classics-SLUS21059.pkg?rlkey=g09h0uxkw2cl31h48xn631mw9&st=hahwz66q&dl=1	MISSING	UP0000-SLUS21059_00-TEKKEN5		4509715661	4509715661	
SLUS21490	US	Test Drive Unlimited (Nostalgia Vault)	https://www.dropbox.com/scl/fi/omw6va6hmymw99pw7a1gr/Test-Drive-Unlimited-PS2-Classics-SLUS21490.pkg?rlkey=4dqy2gd63p41qgq9uz4s22qgr&st=q0or8k3e&dl=1	MISSING	UP0000-SLUS21490_00-TDUNLIMITEDPS2		4026531840	4026531840	
SLUS20864	US	The Punisher (Nostalgia Vault)	https://www.dropbox.com/scl/fi/h75fbn704q2r7udktdqni/The-Punisher-PS2-Classics-Vault-PS2-Classics-SLUS20864.pkg?rlkey=goy4c1abix3oobscik174c7jo&st=7am1855f&dl=1	MISSING	UP0000-SLUS20864_00-PUNISHERPS2		2018634629	2018634629	
SLUS20624	US	The Simpsons - Hit n Run (Nostalgia Vault)	https://www.dropbox.com/scl/fi/drh3r720s7begs5k3ntwi/The-Simpsons-Hit-n-Run-PS2-Classics-SLUS20624.pkg?rlkey=f1so5wwjcf4jumhatyqetigid&st=xtkzfpfe&dl=1	MISSING	UP0000-SLUS20624_00-SIMPSONSHITNRUNPS2		2179695903	2179695903	
SLUS20090	US	TimeSplitters (Nostalgia Vault)	https://www.dropbox.com/scl/fi/js9j3hosoj7y6oaxhazx6/TimeSplitters-PS2-Classics-SLUS20090.pkg?rlkey=ssexg78rgajcsbyicyc4r85n5&st=2r8rrcu8&dl=1	MISSING	UP0000-SLUS20090_00-TIMESPLITTERSPS2		755914244	755914244	
SLUS20314	US	TimeSplitters 2 (Nostalgia Vault)	https://www.dropbox.com/scl/fi/6fjsxecl9grqlv6tmfrtw/TimeSplitters-2-PS2-Classics-SLUS20314.pkg?rlkey=9tjykcx09qmnjwfxu9uuj8h1j&st=97iu8u4q&dl=1	MISSING	UP0000-SLUS20314_00-TIMESPLITTERSPS2		4724464026	4724464026	
SLES53534	EU	Tony Hawk's American Wasteland (Nostalgia Vault)	https://www.dropbox.com/scl/fi/fx65kysj5ealho2dwnu9d/Tony-Hawk-s-American-Wasteland-PS2-Classics-SLES53534.pkg?rlkey=9m8cp2bl1hj8rm2jllfsue5a8&st=d8lw2cap&dl=1	MISSING	EP0000-SLES53534_00-THAWPS2		3639984783	3639984783	
SLUS21456	US	Tony Hawk's Downhill Jam (Nostalgia Vault)	https://www.dropbox.com/scl/fi/v0mjjdchv5692vqgcdl9l/Tony-Hawk-s-Downhill-Jam-PS2-Classics-SLUS21456.pkg?rlkey=lpxdx21b5trgwf7ts7y83o9y4&st=77jke40c&dl=1	MISSING	UP0000-SLUS21456_00-THDHJPS2		2523293286	2523293286	
SLUS20013	US	Tony Hawk's Pro Skater 3 (Nostalgia Vault)	https://www.dropbox.com/scl/fi/f8zc6hlgbr1b8efpxnfwn/Tony-Hawk-s-Pro-Skater-3-PS2-Classics-SLUS20013.pkg?rlkey=kyyfo8815717ol0fst6r4z1he&st=sv22s4tk&dl=1	MISSING	UP0000-SLUS20013_00-THPS3PS2		3274912563	3274912563	
SLUS20504	US	Tony Hawk's Pro Skater 4 (Nostalgia Vault)	https://www.dropbox.com/scl/fi/8u3uofre0464xtq48h83e/Tony-Hawk-s-Pro-Skater-4-PS2-Classics-SLUS20504.pkg?rlkey=5r6ztntg5apdnkghv64c57hq3&st=3pxii7ff&dl=1	MISSING	UP0000-SLUS20504_00-THPS4PS2		3414499000	3414499000	
SLUS20731	US	Tony Hawk's Underground (Nostalgia Vault)	https://www.dropbox.com/scl/fi/0qm6c0qil0jmilhxfb8ij/Tony-Hawk-s-Underground-PS2-Classics-SLUS20731.pkg?rlkey=65fptujcaznrqmf7lbobgrzql&st=g1tv5rze&dl=1	MISSING	UP0000-SLUS20731_00-THUGPS2		4692251771	4692251771	
SLUS20965	US	Tony Hawk's Underground 2 (Nostalgia Vault)	https://www.dropbox.com/scl/fi/lsc93lmfxqe4mjhnyvxhu/Tom-Clancy-Rainbow-Six-Rogue-Spear-PS1-Classics-Vault-SLUS01108.pkg?rlkey=4rq2knv7bwqap82hgxsbmc7jv&st=mqrgbaq4&dl=1	MISSING	UP0000-SLUS20965_00-THUG2PS2		3393024164	3393024164	
SLUS21283	US	Total Overdose - A Gunslinger's Tale in Mexico (Nostalgia Vault)	https://www.dropbox.com/scl/fi/94ztehsvba1nixjq9shz2/Total-Overdose-A-Gunslinger-s-Tale-in-Mexico-PS2-Classics-SLUS21283.pkg?rlkey=btn94xa9zg46na7tpndq24l9j&st=29p85pyj&dl=1	MISSING	UP0000-SLUS21283_00-OVERDOSEPS2		4724464026	4724464026	
SLUS21106	US	True Crime - New York City (Nostalgia Vault)	https://www.dropbox.com/scl/fi/499k1ov147lrst7zxmjgm/True-Crime-New-York-City-PS2-Classics-SLUS21106.pkg?rlkey=gv4w4koq9dtmt095rq7um3rsu&st=ml8expfy&dl=1	MISSING	UP0000-SLUS21106_00-TRUECRIMENYPS2		3189013217	3189013217	
SLUS20550	US	True Crime - Streets of LA (Nostalgia Vault)	https://www.dropbox.com/scl/fi/hfzmuamcp2q6sducvl8ni/True-Crime-Streets-of-L.A.-PS2-Classics-SLUS20550.pkg?rlkey=yxvozgwnvjgjbftayuf2wiqz6&st=rwpdr62k&dl=1	MISSING	UP0000-SLUS20550_00-TRUECRIMELAPS2		2899102925	2899102925	
SCUS97101	US	Twisted Metal - Black	https://www.dropbox.com/scl/fi/nrmv2nyiidw3bdrtrlugh/Twisted-Metal-Black-PS2-Classics-SCUS97101.pkg?rlkey=1zpbu4s7u7zup3ro3381wvx3c&st=7zhqpdck&dl=1	MISSING	UP0000-SCUS97101_00-TMBLACKPS2		3822520893	3822520893	
SLUS20870	US	Spider-Man - Ultimate (Nostalgia Vault)	https://www.dropbox.com/scl/fi/86vlkiryp702wijh9yctv/Ultimate-Spider-Man-PS2-Classics-SLUS20870.pkg?rlkey=fcy52ffj5ouxowhbv5v622oe6&st=7fbwd08a&dl=1	MISSING	UP0000-SLUS20870_00-ULTSPIDERMANPS2		4187593114	4187593114	
SLUS21209	US	Urban Reign (Nostalgia Vault)	https://www.dropbox.com/scl/fi/9mo4a54n1gb75l6x4rzvt/Urban-Reign-PS2-Classics-SLUS21209.pkg?rlkey=c1pk99wxp7clz1znyc5y96wb5&st=e9yewpez&dl=1	MISSING	UP0000-SLUS21209_00-URBANREIGNPS2		4166118277	4166118277	
SLUS00000	US	001 THANK YOU! IF YOU NEED HELP LMK @CDOTSHOP (Nostalgia Vault)	https://www.dropbox.com/scl/fi/ggx17c9eoklqt7stjox2n/101-Dalmatians-II-Patch-s-London-Adventure-PS1-Classics-Vault-SLUS01574.pkg?rlkey=myn22y8xfy0nsv9edrhfmd2o3&st=oeiafly5&dl=1	MISSING	UP0000-SLUS01574_00-101DALMATIONSII-PLA		107829760	107829760	
SLES52908	EU	The Sims - Urbz (Nostalgia Vault)	https://www.dropbox.com/scl/fi/t3bsbpvhlmwf0gx9eotsr/Urbz-The-Sims-in-the-City-PS2-Classics-SLES52908.pkg?rlkey=1jyueyw40adxwksbhsjzo9rfd&st=idc428oe&dl=1	MISSING	EP0000-SLES52908_00-URBZSIMSPS2		4488240824	4488240824	
SLUS21204	US	Victorious Boxers 2 - Fighting Spirit (Nostalgia Vault)	https://www.dropbox.com/scl/fi/69xcpu3zfhot8goubr8hd/Victorious-Boxers-2-Fighting-Spirit-PS2-Classics-SLUS21204.pkg?rlkey=sc4234juzvmk0iz10xgnsne8f&st=h70g57s1&dl=1	MISSING	UP0000-SLUS21204_00-VICBOXER2PS2		4026531840	4026531840	
SLUS21215	US	The Warriors (Nostalgia Vault)	https://www.dropbox.com/scl/fi/np5cuajdyryc9elcs30r6/Warriors-PS2-Classics-SLUS21215.pkg?rlkey=tme506yw7lkbc73truuhmvy0b&st=94ayfojb&dl=1	MISSING	UP0000SLUS21215_00-WARRIORSPS2		4327179551	4327179551	
SLUS20483	US	WWE SmackDown! - Shut Your Mouth (Nostalgia Vault)	https://www.dropbox.com/scl/fi/l1doqsijclnktl4qqr673/WWE-Smackdown-Shut-Your-Mouth-PS2-Classics-SLUS20483.pkg?rlkey=m0moh08cgsrea1hclcdrvdgtp&st=03ukuq96&dl=1	MISSING	UP0000-SLUS20483_00-SYMWWEPS2		3532610601	3532610601	
SLUS20787	US	WWE SmackDown! Here Comes the Pain (Nostalgia Vault)	https://www.dropbox.com/scl/fi/787t47yimg9izof7zcaf3/WWE-SmackDown-Here-Comes-the-Pain-PS2-Classics-SLUS20787.pkg?rlkey=wly5thxf0mg689tdq0utcvhy3&st=yql38olo&dl=1	MISSING	UP0000-SLUS20787_00-HCTPWWEPS2		4552665334	4552665334	
SLUS21060	US	WWE SmackDown! vs RAW (Nostalgia Vault)	https://www.dropbox.com/scl/fi/mr3gumlx4whrayby4xr6b/WWE-SmackDown-vs-RAW-PS2-Classics-SLUS21060.pkg?rlkey=36d4zsldh4pau58irhrw29y6b&st=7jbomol4&dl=1	MISSING	UP0000-SLUS21060_00-SVRPS2		4413078897	4413078897	
SLUS21286	US	WWE SmackDown! vs RAW 2006 (Nostalgia Vault)	https://www.dropbox.com/scl/fi/j37vpipy9g7qlx77ag5mh/WWE-SmackDown-vs-RAW-2006-PS2-Classics-SLUS21286.pkg?rlkey=e4ja8h4a9rj4ofhih0lcav8dp&st=0c43at1d&dl=1	MISSING	UP0000-SLUS21286_00-SVR06PS2		4273492460	4273492460	
SLUS21427	US	WWE SmackDown! vs RAW 2007 (Nostalgia Vault)	https://www.dropbox.com/scl/fi/cr90h6jksu23fkxpi79t0/WWE-SmackDown-vs-RAW-2007-PS2-Classics-Vault-PS2-Classics-SLUS21427.pkg?rlkey=ukoyvqt9yzjpx1uhlom8on2mt&st=o0yvgwhc&dl=1	MISSING	UP0000-SLUS21427_00-SVR07PS2		4477503406	4477503406	
SLUS20316	US	WWF SmackDown! - Just Bring It! (Nostalgia Vault)	https://www.dropbox.com/scl/fi/sf1kf5uer2bsfof0jddum/WWF-SmackDown-Just-Bring-It-PS2-Classics-SLUS20316.pkg?rlkey=tlt58b51mr43htyi1y60v64mn&st=8urpjxea&dl=1	MISSING	UP0000SLUS20316_00-WWFJBRINGPS2		2856153252	2856153252	
SLUS20337	US	X-Men Wolverine's Revenge (Nostalgia Vault)	https://www.dropbox.com/scl/fi/m00cej6wgrudxjg88jinq/X-Men-Wolverines-Revenge-PS2-Classics-SLUS20337.pkg?rlkey=on6xwz4knujxnojeurkloeapl&st=ocjofc5r&dl=1	MISSING	UP0000-SLUS20337_00-XMENPS2		1825361101	1825361101	
SLUS20656	US	X-Men Legends (Nostalgia Vault)	https://www.dropbox.com/scl/fi/7knlxy9jdgrcull53aixr/X-Men-Legends-PS2-Classics-Vault-PS2-Classics-SLUS20656.pkg?rlkey=6w9yu7j35b0e9i61sgzrf6ihl&st=qydv87eq&dl=1	MISSING	UP0000-SLUS20656_00-XMENLEGENDSPS2		2211908157	2211908157	
SLUS21598	US	X-Men Legends 2 - Rise of Apocalypse (Nostalgia Vault)	https://www.dropbox.com/scl/fi/23uekhp5pdf9jcf1xsalj/X-Men-Legends-2-Rise-of-Apocalypse-PS2-Classics-Vault-PS2-Classics-SLUS21138.pkg?rlkey=otf864b9ir2s3kw4achzb15q5&st=badlvud8&dl=1	MISSING	UP0000-SLUS21138_00-XMENLEGENDS2PS2		1782411428	1782411428	
SLUS20541	US	NBA Ballers (Nostalgia Vault)	https://www.dropbox.com/scl/fi/g5s01aw5nv17bdav1rsm9/NBA-Ballers-PS2-Classics-Vault-PS2-Classics-SLUS20541.pkg?rlkey=s691gr6x79jh24xofptfba8r0&st=4l84kkci&dl=1	MISSING	UP0000-SLUS20541_00-NBABALLERSPS2		3060164198	3060164198	
SLUS21139	US	Gun (Nostalgia Vault)	https://www.dropbox.com/scl/fi/q223u0k9u5awze257w2o2/Gun-PS2-Classics-Vault-PS2-Classics-SLUS21139.pkg?rlkey=x394sxnqclui63731000iu6zm&st=msztvak9&dl=1	MISSING	UP0000-SLUS21139_00-GUNPS2		3060164198	3060164198	
SLUS21087	US	Mortal Kombat - Shaolin Monks (Nostalgia Vault)	https://www.dropbox.com/scl/fi/q4k6vv0y3gvsxww8459bs/Mortal-Kombat-Shaolin-Monks-PS2-Classics-Vault-PS2-Classics-SLUS21087.pkg?rlkey=ve428rr777hk3bk0o9oqz8jg6&st=wawj4utd&dl=1	MISSING	UP0000-SLUS21087_00-MKSMPS2		3521873183	3521873183	
SLUS21410	US	Mortal Kombat - Armageddon (Nostalgia Vault)	https://www.dropbox.com/scl/fi/9b8sywh17do8xf9qn9use/Mortal-Kombat-Armageddon-PS2-Classics-Vault-PS2-Classics-SLUS21410.pkg?rlkey=e37t532z74tykpgpsuq95mmob&st=insicxxu&dl=1	MISSING	UP0000-SLUS21410_00-MKARMPS2		4707749888	4391604060	
SLUS20069	US	The Bouncer (Nostalgia Vault)	https://www.dropbox.com/scl/fi/xfz4rpgqq3vbjxbdjktp1/Bouncer-PS2-Classics-SLUS20069.pkg?rlkey=an0xtjdq5gtrue6d34jp1jy68&st=9p9435n0&dl=1	MISSING	UP0000-SLUS20069_00-BOUNCERPS2		2576980378	2576980378	
SLUS20474	US	NFL Blitz 2003 (Nostalgia Vault)	https://www.dropbox.com/scl/fi/7t862nhmw096i57m3f3hl/NFL-Blitz-2003-Nostalgia-Vault-PS2-Classics-SLUS20474.pkg?rlkey=q2hosa3wcziteoqm0nea5av7j&st=60r8zz47&dl=1	MISSING	UP0000-SLUS20474_00BLITZ03PS2		1052266988	1052266988	
SLUS21227	US	DragonBall Z - Budokai Tenkaichi (Nostalgia Vault)	https://www.dropbox.com/scl/fi/xlmo3o3pbmun3g5m57s9b/DragonBall-Z-Budokai-Tenkaichi-Nostalgia-Vault-PS2-Classics-SLUS21227.pkg?rlkey=rjzbxh28eihhdz3328776chsj&st=12vtx58f&dl=1	MISSING	UP0000-SLUS21227_00-DBZTPS2		3511135765	3511135765	
SLUS21441	US	DragonBall Z - Budokai Tenkaichi 2 (Nostalgia Vault)	https://www.dropbox.com/scl/fi/82gi5p0hby9mz406wc0jj/DragonBall-Z-Budokai-Tenkaichi-2-PS2-Classics-SLUS21441.pkg?rlkey=0ibqej6jc500ahx9favln65oc&st=a57z176z&dl=1	MISSING	UP0000-SLUS21441_00-DBZT2		3027951944	3027951944	
SLUS21242	US	Burnout Revenge (Nostalgia Vault)	https://www.dropbox.com/scl/fi/l7ohi7o2iz8ola6r5c4mk/Burnout-Revenge-PS2-Classics-SLUS21242.pkg?rlkey=auyghovd02iuwqdpsdlvtly6m&st=1ecmg2bg&dl=1	MISSING	UP0000-SLUS21242_00-BURNOUTREVENGEPS2		3672197038	3672197038	
SLUS21198	US	Batman Begins (Nostalgia Vault)	https://www.dropbox.com/scl/fi/dslwq02vqvs8dipplvpvb/Batman-Begins-PS2-Classics-Vault-PS2-Classics-SLUS21198.pkg?rlkey=iyep00v00xq8xrhsh9nnf4bfh&st=0v9l1iqq&dl=1	MISSING	UP0000-SLUS21198_00-BATMANBEGINSPS2		2544768123	2544768123	
SLUS20299	US	Street Hoops (Nostalgia Vault)	https://www.dropbox.com/scl/fi/logv8nbi7t4hbk2caee4w/Street-Hoops-King-of-the-Court-PS2-Classics-SLUS20299.pkg?rlkey=t9kl0vk8mxgymb00zbwte1lnm&st=st1hy6en&dl=1	MISSING	UP0000-SLUS20299_00-STREETHOOPSPS2		4466765988	4466765988	
SLUS21015	US	Madagascar - Dreamworks (Nostalgia Vault)	https://www.dropbox.com/scl/fi/01j0c8z56fp5ibf9z60k8/The-Terminator-Dawn-of-Fate-v1.02-PS2-Classics-Vault-PS2-Classics-SLUS20391.pkg?rlkey=mcq46wb1ff01gqi9nyhj672mo&st=p0jluq3s&dl=1	MISSING	UP0000-SLUS21015_00-MADAGASCARPS2		1524713390	1524713390	
SLUS21590	US	Grand Theft Auto - Vice City Stories (Nostalgia Vault)	https://www.dropbox.com/scl/fi/o9lt2rjc5nb68duu8u382/Grand-Theft-Auto-Vice-City-Stories-PS2-Classics-Vault-PS2-Classics-SLUS21590.pkg?rlkey=zghc4kvf9hoabortkxiwe8ede&st=jxoip6nz&dl=1	MISSING	UP0000-SLUS21590_00-GTAVCSPS2		4176855695	4176855695	
SLUS21493	US	Need for Speed - Carbon (Nostalgia Vault)	https://www.dropbox.com/scl/fi/zth9nva1nsl3juy2trm8p/Need-for-Speed-Carbon-PS2-Classics-Vault-PS2-Classics-SLUS21493.pkg?rlkey=a4mshd2ccvmym3mtsrn1sk6lh&st=y4507ome&dl=1	MISSING	UP0000-SLUS21493_00-NFSCARBONPS2		3725884129	3725884129	
SLUS21186	EU	NBA Ballers - Phenom (Nostalgia Vault)	https://www.dropbox.com/scl/fi/buw8uop6br7jqcoa7ktsw/NBA-Ballers-Phenom-PS2-Classics-Vault-PS2-Classics-SLUS21186.pkg?rlkey=0apy8vjgex8vozzwl00vqu1cx&st=2vvc0f4e&dl=1	MISSING	UP0000-SLUS21186_00-NBAPHENOMPS2		2587717796	2587717796	
SLUS21065	US	Need for Speed - Underground 2 (Nostalgia Vault)	https://www.dropbox.com/scl/fi/xw13hetbsmvjjbk9iu7uz/Need-for-Speed-Underground-2-PS2-Classics-Vault-PS2-Classics-SLUS21065.pkg?rlkey=8besp40ni885siyzgudpt854a&st=oxzye05u&dl=1	MISSING	UP0000-SLUS21065_00-NFSUG2PS2		2899102925	2899102925	
SLUS20738	US	Van Helsing (Nostalgia Vault)	https://www.dropbox.com/scl/fi/da90j2eyp6qylc2cqrf06/Van-Helsing-Nostalgia-Vault-PS2-Classics-SLUS20738.pkg?rlkey=0fmnnzmw88spqfolqgn9ineg1&st=fogzy4ea&dl=1	MISSING	UP0000-SLUS20738_00-VHELSINGPS2		1653562409	1653562409	
SLUS20360	US	Blade II (Nostalgia Vault)	https://www.dropbox.com/scl/fi/1n3hc03bv1vvr2vjo18tx/Blade-2-Nostalgia-Vault-PS2-Classics-SLUS20360.pkg?rlkey=t53qnjxkqlyh1iz90e6ri5abj&st=ferevmz3&dl=1	MISSING	UP0000-SLUS20360_00-BLADE2PS2		1428076626	1428076626	
SLUS20604	US	MTV'S Celebrity Deathmatch (Nostalgia Vault)	https://www.dropbox.com/scl/fi/g1dzl1ofp1o2a3hxeaxoa/Freedom-Fighters-PS2-Classics-Vault-PS2-Classics-SLUS20658.pkg?rlkey=rpkwqvq6zg2u8s5vxlfmf5e7a&st=8iwikddz&dl=1	MISSING	UP0000-SLUS20604_00-MTVDEATHMATCHPS2		3650722202	3650722202	
SLUS20906	US	Fight Night 2004 (Nostalgia Vault)	https://www.dropbox.com/scl/fi/h95uwj19zn13yf6yxqcca/Fight-Night-2004-PS2-Classics-Vault-PS2-Classics-SLUS20906.pkg?rlkey=qjld7tg8ef2yh6xtfwsu9lfhz&st=4lx5j6jz&dl=1	MISSING	UP0000-SLUS20906_00-FN2004PS2		3242700309	3242700309	
SLUS21161	US	Fight Night - Round 2 (Nostalgia Vault)	https://www.dropbox.com/scl/fi/za11lbwbaviqgo1pkj79k/The-BIGS-2-PS3-Classics-Vault-BLUS30280-License.pkg?rlkey=njvadfupkj9r5hjevr8tsbr03&st=fleotwof&dl=1	MISSING	UP0000-SLUS21161_00-FNROUND2PS2		3962107331	3962107331	
SLUS20745	US	Shrek 2 (Nostalgia Vault)	https://www.dropbox.com/scl/fi/v11ymj2ch5h4ihc8nnix1/Shrek-2-Nostalgia-Vault-PS2-Classics-SLUS20745.pkg?rlkey=s4q7rhbt1vrwlxwqasf8bm6eu&st=868zhibb&dl=1	MISSING	UP0000-SLUS20745_00-SHREKPS2		1288490189	1288490189	
SLUS21785	US	LEGO Batman (Nostalgia Vault)	https://www.dropbox.com/scl/fi/ucgovqh7hykhdzuetrpro/LEGO-Batman-Nostalgia-Vault-PS2-Classics-SLUS21785.pkg?rlkey=rex53xlnyc5hqr04jaa8yxynb&st=iqvklv4a&dl=1	MISSING	UP0000-SLUS21785_00-LEGOBATMANPS2		2179695903	2179695903	
SLUS20228	US	Silent Hill 2 (Nostalgia Vault)	https://www.dropbox.com/scl/fi/pbq6qw1i2x1b4adrt86at/Harry-Potter-and-the-Philosopher-s-Stone-PS2-Classics-Vault-PS2-Classics-SLES52055.pkg?rlkey=xw0ry7u0yrjp31gx8kel4u8mt&st=pddaoakr&dl=1	MISSING	UP0000-SLUS20228_00-SH2PS2		3908420239	3908420239	
SLUS20622	US	Silent Hill 3 (Nostalgia Vault)	https://www.dropbox.com/scl/fi/6an67ujyuu6b8my664opp/Silent-Hill-3-Nostalgia-Vault-PS2-Classics-SLUS20622.pkg?rlkey=i02qlo0wqnsxx3y1o05e48wju&st=2domszcs&dl=1	MISSING	UP0000-SLUS20622_00-SH3PS2		3607772529	3607772529	
SLUS20873	US	Silent Hill 4 - The Room (Nostalgia Vault)	https://www.dropbox.com/scl/fi/1ausw7ahzo8fwcbqef9cb/Silent-Hill-4-The-Room-Nostalgia-Vault-PS2-Classics-SLUS20873.pkg?rlkey=rbqavxbdi5u0kruld9kggax2k&st=d2g1vfkq&dl=1	MISSING	UP0000-SLUS20873_00-SH4PS2		3962107331	3962107331	
SLES52122	EU	Crime Life - Gang Wars (Nostalgia Vault)	https://www.dropbox.com/scl/fi/nhyf2am66pd04jpq4l742/Crime-Life-Gang-Wars-Nostalgia-Vault-PS2-Classics-SLES52122.pkg?rlkey=50nwaeoyzui655xcu3pq46tup&st=jwud7b5p&dl=1	MISSING	EP0000-SLES52122_00-CRIMELIFEPS2		4209067950	4209067950	
SLUS20688	US	Psi-Ops - The MindGate Conspiracy (Nostalgia Vault)	https://www.dropbox.com/scl/fi/tne0q849ktopx1pd2nwko/Psi-Ops-The-Mindgate-Conspiracy-Nostalgia-Vault-PS2-Classics-SLUS20688.pkg?rlkey=5tbj10rsrih1wmjbc1ifxrku6&st=i0lnam4t&dl=1	MISSING	UP0000-SLUS20688_00-PSIOPSPS2		2813203579	2813203579	
SLUS21062	US	Fantastic 4 (Nostalgia Vault)	https://www.dropbox.com/scl/fi/e5f0qnc0i9723t0fn76f3/Fantastic-4-Nostalgia-Vault-PS2-Classics-SLUS20615.pkg?rlkey=8xtkmx674sgqf3zk0gjgavtv7&st=71rjd0yj&dl=1	MISSING	UP0000-SLUS20615_00-FANTASTIC4PS2		4735201444	4735201444	
SCES52412	US	Jackie Chan Adventures (Nostalgia Vault)	https://www.dropbox.com/scl/fi/a92sv2mlgazxweqaihdeg/Jackie-Chan-Adventures-Nostalgia-Vault-PS2-Classics-SCES52412.pkg?rlkey=15kezd4uiswqhy9lpns0rcp2m&st=7ukj9kyu&dl=1	MISSING	UP0000-SCES52412_00-JACKIECHAN		1503238554	1503238554	
SLUS21191	US	Crash Tag Team Racing (Nostalgia Vault)	https://www.dropbox.com/scl/fi/jgwjnm5xds7ac27vgpojb/Crash-Tag-Team-Racing-Nostalgia-Vault-PS2-Classics-SLUS21191.pkg?rlkey=zkjeyz1v95l9jbuo31f2eio8b&st=3jvyravb&dl=1	MISSING	UP0000-SLUS21191_00-CRASHTTRPS2		3564822856	3564822856	
SLUS21027	US	L.A. Rush (Nostalgia Vault)	https://www.dropbox.com/scl/fi/m8xth9t67466d769qf876/L.A.-Rush-Nostalgia-Vault-PS2-Classics-SLUS21112.pkg?rlkey=edcztwhpfp2fer52o9122r1lt&st=rj25yl3h&dl=1	MISSING	UP0000-SLUS21112_00-LARUSHPS2		4112431186	4112431186	
SLUS20730	US	NARC (Nostalgia Vault)	https://www.dropbox.com/scl/fi/m6osydvy0lnr513jyf7ry/NARC-Nostalgia-Vault-PS2-Classics-SLUS20730.pkg?rlkey=j4wzmrtj46nn7zdnahoravwcn&st=v7iidqut&dl=1	MISSING	UP0000-SLUS20730_00-NARCPS2		1986422374	1986422374	
SLUS20422	US	Hulk (Nostalgia Vault)	https://www.dropbox.com/scl/fi/x79i9juz7uqrqoncf9l2m/HULK-2003-Nostalgia-Vault-PS2-Classics-SLUS20422.pkg?rlkey=pkglujz95rmssk9gmbkuwnma6&st=zh6az1ww&dl=1	MISSING	UP0000-SLUS20422_00-HULKPS2		4155380859	4155380859	
SLUS20537	US	Jimmy Neutron - Boy Genius (Nostalgia Vault)	https://www.dropbox.com/scl/fi/ko4lu3lzbl1joqkwp8cvg/Jimmy-Neutron-Boy-Genius-Nostalgia-Vault-PS2-Classics-SLUS20537.pkg?rlkey=jzy53fmd4evnv9lbgvuenjqlh&st=9gg79esw&dl=1	MISSING	UP0000-SLUS20537_00-JIMMYNEUTRONPS2		1535450808	1535450808	
SLUS21091	US	Scooby-Doo! Unmasked (Nostalgia Vault)	https://www.dropbox.com/scl/fi/quqyryi7t9xj6wsdit15j/Scooby-Doo-Unmasked-Nostalgia-Vault-PS2-Classics-SLUS21091.pkg?rlkey=ykadek3a1x6moz19dq18eb38c&st=z18ljog6&dl=1	MISSING	UP0000-SLUS21091_00-SCOOBYUNMASKED		1277752771	1277752771	
SLUS20349	US	Scooby-Doo! Night of 100 Frights (Nostalgia Vault)	https://www.dropbox.com/scl/fi/e9r7f00q1s8m6h3z19onx/Scooby-Doo-Night-of-100-Frights-Nostalgia-Vault-PS2-Classics-SLUS20349.pkg?rlkey=p6h61ks3w2zk5yobtzy95ijcv&st=xf1b9vs9&dl=1	MISSING	UP0000-SLUS20349_00-SCOOBYDOOFRIGHTSPS2		4509715661	4509715661	
SLUS21279	US	NBA Live '06 (Nostalgia Vault)	https://www.dropbox.com/scl/fi/fi4hh5umoi6dl5eqoc10s/NBA-Live-06-Nostalgia-Vault-PS2-Classics-SLUS21279.pkg?rlkey=t9w5pap6nxpiein4bnb95o4uj&st=lp8tkwqs&dl=1	MISSING	UP0000-SLUS21279_00-NBALIVE06PS2		4713726607	4713726607	
SLUS20457	US	ESPN NFL 2K3 (Nostalgia Vault)	https://www.dropbox.com/scl/fi/d8axkt6ktenc9tizwbyuq/NFL-2K3-Nostalgia-Vault-PS2-Classics-SLUS20457.pkg?rlkey=h511auu3k0vtner9pk2ff47hm&st=3xdo0t1m&dl=1	MISSING	UP0000-SLUS20457_00-NFL2K3PS2		3822520893	3822520893	
SLUS21374	US	Marvel - Ulitmate Alliance (Nostalgia Vault)	https://www.dropbox.com/scl/fi/fucf51ykr0vxukchqm40t/Marvel-Ultimate-Alliance-Nostalgia-Vault-PS2-Classics-SLUS21374.pkg?rlkey=dv6erb4n8bv3ova07ib2qkbi4&st=8fqe88ml&dl=1	MISSING	UP0000-SLUS21374_00-MUAPS2		2974264853	2974264853	
SLUS20189	US	Tokyo Xtreme Racer Zero (Nostalgia Vault)	https://www.dropbox.com/scl/fi/e2zqguzy6i02ca91fmwgm/Tokyo-Xtreme-Racer-Zero-Nostalgia-Vault-PS2-Classics-SLUS20189.pkg?rlkey=ivy7wtvob0g6dumvm7vj0rd2r&st=ksn4qhjq&dl=1	MISSING	UP0000-SLUS20189_00-TOKYORACEZEROPS2		1589137900	1589137900	
SLUS21385	US	The Godfather (Nostalgia Vault)	https://www.dropbox.com/scl/fi/h85v3q4cyqzku1z76ic9x/The-Godfather-Nostalgia-Vault-PS2-Classics-SLUS21385.pkg?rlkey=rcx2nzbb218ina6jmtiy1s49r&st=hj1h7t6e&dl=1	MISSING	UP0000-SLUS21385_00-GODFATHERPS2		4327179551	4327179551	
SLPM65688	JP	Berserk: Millennium Falcon (Nostalgia Vault)	https://www.dropbox.com/scl/fi/2wyf9n6ncuacfu0wz4zbv/Berserk-English-Patch-Nostalgia-Vault-PS2-Classics-SLPM65688.pkg?rlkey=ilsx72mq8alnm2btfo99ggs3y&st=ujwx2n7b&dl=1	MISSING	JP0000-SLPM65688_00-BERSERKPS2		4305704714	4305704714	
BLES00144	EU	Stranglehold Part 1 (Nostalgia Vault)	https://www.dropbox.com/scl/fi/my6cor60oat0ibbz1uvd3/Stranglehold_-BLES00144-GO-_Part1.pkg?rlkey=7ar1geacyywpqlficd0itr14q&st=p9ws6n2t&dl=1	MISSING	EP0000-BLES00144_00-STRANGLEHOLDPS3		4198330532	4198330532	
BLES00144	EU	Stranglehold Part 2 (Nostalgia Vault)	https://www.dropbox.com/scl/fi/8pnss0eo64jdpi54h19un/Stranglehold_-BLES00144-GO-_Part2.pkg?rlkey=to3q5ohqt2nfqc7i8dontxhz5&st=uqfesf44&dl=1	MISSING	EP0000-BLES00144_00-STRANGLEHOLDPT2		2383706849	2383706849	
BLES00144	EU	Stranglehold Part 3 (Nostalgia Vault)	https://www.dropbox.com/scl/fi/6und5na3grc1k0jlbvx2e/Stranglehold_-BLES00144-GO-_Part3.pkg?rlkey=efkrzqxubrd3659cl625gccw0&st=7z1n3ea2&dl=1	MISSING	EP0000-BLES00144_00-STRANGLEHOLDPT3		27917287	27917287	
BLES00766	EU	Prison Break: The Conspiracy (Nostalgia Vault)	https://www.dropbox.com/scl/fi/e6ltbefxagcv1eazdj8tf/Prison-Break-The-Conspiracy-BLES00766-GO.pkg?rlkey=kkzgonifc3w2i7ddh1chqg4w7&st=evw4s4sr&dl=1	MISSING	RP0000-BLES00766_00-PIRSONBREAK		3189013217	3189013217	
BLES01320	EU	Madden NFL 12 Part 1 (Nostalgia Vault)	https://www.dropbox.com/scl/fi/tnpjaotaj7cpxhlnm0699/Madden-NFL-12-BLES01320-GO-GO-Part1.pkg?rlkey=loidraxhvqjfsk0r0emaelpla&st=59m6985y&dl=1	MISSING	EP0000-BLES01320_00-MADDEN12PT		4090956349	4090956349	
BLES01320	EU	Madden NFL 12 Part 2 (Nostalgia Vault)	https://www.dropbox.com/scl/fi/qe2g89elm1041anpneo08/Madden-NFL-12-BLES01320-GO-GO-Part2.pkg?rlkey=nw89g0wxttl4p8742tplb5v25&st=nh44xomf&dl=1	MISSING	EP0000-BLES01320_00-MADDEN12PT		1202590843	1202590843	
BLES01320	EU	Madden NFL 12 Part 3 (Nostalgia Vault)	https://www.dropbox.com/scl/fi/mehe4gxmk4ptkr7uyasry/Madden-NFL-12-BLES01320-GO-GO-Part3.pkg?rlkey=vlddzlk0adtxj9gl18xzfs3f3&st=r0nb7k96&dl=1	MISSING	EP0000-BLES01320_00-MADDEN12PT3		8042326	8042326	
BLES01320	EU	Madden NFL 12 Part 4 (Nostalgia Vault)	https://www.dropbox.com/scl/fi/e5at6n8e4fsmcibrjsag1/Madden-NFL-12-BLES01320-GO-GO-Part4.pkg?rlkey=rtri6zhoggj1u60y7mh27r7zv&st=7h1xm9c5&dl=1	MISSING	EP0000-BLES01320_00-MADDEN12PT4		37580964	37580964	
BLES00472	EU	50 Cent: Blood On The Sand Part 1 (Nostalgia Vault)	https://www.dropbox.com/scl/fi/1hqvpiwax3m0a0ydalco8/50-Cent-Blood-On-The-Sand-BLES00472-GO-Part1.pkg?rlkey=36wz9ixcflio8l96uixksljma&st=cxn54t01&dl=1	MISSING	EP0000-BLES00472_00-50CENTPT1		4198330532	4198330531	
BLES00472	EU	50 Cent: Blood On The Sand Part 2 (Nostalgia Vault)	https://www.dropbox.com/scl/fi/08bm38rggtdxeh5yt9ugw/50-Cent-Blood-On-The-Sand-BLES00472-GO-Part2.pkg?rlkey=xoghxamx79i7zen6471av3bj7&st=n9py6toy&dl=1	MISSING	EP0000-BLES00472_00-50CENTPT2		2330019758	2330019758	
BLES00038	EU	NBA Street Homecourt Part 1 (Nostalgia Vault)	https://www.dropbox.com/scl/fi/7t2ryborwfz1w38xf0n62/NBA_Street_Homecourt_-BLES00038-GO-_Part1.pkg?rlkey=bxtahnroxqi2ss29kxewy3gqd&st=jzm3i4dp&dl=1	MISSING	EP0000-BLES00038_00-NBASTREETHCPT1		4166118277	4166118277	
BLES00038	EU	NBA Street Homecourt Part 2 (Nostalgia Vault)	https://www.dropbox.com/scl/fi/54p0rifl7bc22dc5s84iz/NBA_Street_Homecourt_-BLES00038-GO-_Part2.pkg?rlkey=7pd6hsso47631n4w69jhx8hk5&st=e9h3xjtf&dl=1	MISSING	EP0000-BLES00038_00-NBASTREETHCPT2		2040109466	2040109466	
BLES00042	EU	Def Jam: Icon Part 1 (Nostalgia Vault)	https://www.dropbox.com/scl/fi/uq6ncwz9xdnfn2aujb6j9/Def_Jam_Icon_-BLES00042-GO-_Part1.pkg?rlkey=c3zlzqfatmgyncxyb8mbvzd0u&st=jd4kk5yc&dl=1	MISSING	EP0000-BLES00042_00-DEFJAMICON1		4187593114	4187593114	
SLPS25450	EU	Def Jam: Icon Part 2 (Nostalgia Vault)	https://www.dropbox.com/scl/fi/wfp00xlpfah61lph5jvbd/Def_Jam_Icon_-BLES00042-GO-_Part2.pkg?rlkey=az0rrujrjrbl6vhk43vvtdd4c&st=55i53u2q&dl=1	MISSING	EP0000-BLES00042_00-DEFJAMICON2		3543348019	3543348019	
BLUS30203	US	Blitz The League II Part 1 (Nostalgia Vault)	https://www.dropbox.com/scl/fi/twyq0ropj5ak1tvup5fu9/Blitz-The-League-II-BLUS30203-GO-Part1.pkg?rlkey=32s87a5izi2a0k8fllh99o6tg&st=rlqf7ice&dl=1	MISSING	UP0000-BLUS30203_00-BLITZPT1PS3		4187593114	4187593114	
BLUS30203	US	Blitz The League II Part 2 (Nostalgia Vault)	https://www.dropbox.com/scl/fi/wzpyapv33ed3v6am3p4fz/Blitz-The-League-II-BLUS30203-GO-Part2.pkg?rlkey=xcl1lgtxv0hzsrhfodijg3ax7&st=i0ipun1w&dl=1	MISSING	UP0000-BLUS30203_00-BLITZPT2		4187593114	4187593114	
BLUS30203	US	Blitz The League II Part 3 (Nostalgia Vault)	https://www.dropbox.com/scl/fi/wvc0zbvhxvpufk65fdov2/Blitz-The-League-II-BLUS30203-GO-Part3.pkg?rlkey=zsdcjtl5deyfad9ycs0azv90g&st=4il15te4&dl=1	MISSING	UP0000-BLUS30203_00-BLITZPT3		977105060	977105060	
BLES00637	EU	NBA Live 10 Part 1 (Nostalgia Vault)	https://www.dropbox.com/scl/fi/71pau201k6ic3qnplgahe/NBA_Live_10_-BLES00637-GO-_Part1.pkg?rlkey=nzwg8ky2xyffojn3p3ipafsoy&st=d9t0xmv7&dl=1	MISSING	EP0000-BLES00637_00-NBALIVE10PT1		4176855695	4176855695	
BLES00637	EU	NBA Live 10 Part 2 (Nostalgia Vault)	https://www.dropbox.com/scl/fi/9b1f5l5gv0so3sy2i8i6b/NBA_Live_10_-BLES00637-GO-_Part2.pkg?rlkey=aasisyn8fdfcmasrmllztudj2&st=xp91v99g&dl=1	MISSING	EP0000-BLES00637_00-NBALIVE10PT2		2501818450	2501818450	
BLUS30444	US	NCAA Basketball 10 Part 1 (Nostalgia Vault)	https://www.dropbox.com/scl/fi/ch3jzg9y8hoxwu3h8qmot/NCAA-Basketball-10-BLUS3044-GO-Part1.pkg?rlkey=ymcxj2f7c2vxgs3bv6li2hzh0&st=mum7hgfy&dl=1	MISSING	UP0000-BLUS30444_00-NCAA10PT1		4241280205	4241280205	
BLUS30444	US	NCAA Basketball 10 Part 2 (Nostalgia Vault)	https://www.dropbox.com/scl/fi/byzxj075b0x0jyey7aqbd/NCAA-Basketball-10-BLUS3044-GO-Part2.pkg?rlkey=ca5kpu6ch7seyjctihefq2buk&st=u3rjpdbe&dl=1	MISSING	UP0000-BLUS30444_00-NCAA10PT2		1653562409	1653562409	
BLUS30203	US	Blitz The League II Part 4 (Nostalgia Vault)	https://www.dropbox.com/scl/fi/f7jfuncfttlwpwo1dmfxb/Blitz-The-League-II-BLUS30203-GO-Part4.pkg?rlkey=pwokcgm7dwt9g7kgapjo6nw7g&st=7jyy8la1&dl=1	MISSING	UP0000-BLUS30203_00-BLITZPT4		10157598	10157598	
BLUS30203	US	Blitz The League II Part 5 (Nostalgia Vault)	https://www.dropbox.com/scl/fi/br3nx9uqhwtxym2gg3yx1/Blitz-The-League-II-BLUS30203-GO-Part5.pkg?rlkey=7y0asiaxa5pup1hvuuxas99g0&st=5jkdfggu&dl=1	MISSING	UP0000-BLUS30203_00-BLITZPT5		15032386	15032386	
BLES00637	EU	NBA Live 10 Part 3 (Nostalgia Vault)	https://www.dropbox.com/scl/fi/uvt0lvxzewng66kbgxfsq/NBA_Live_10_-BLES00637-GO-_Part3.pkg?rlkey=d7pvjogteo85rxfqlg7wct38o&st=fztq8j30&dl=1	MISSING	EP0000-BLES00637_00-LIVE10PT3		2834678	2834678	
BLES00637	EU	NBA Live 10 Part 4 (Nostalgia Vault)	https://www.dropbox.com/scl/fi/9tqv76h564zxfjv55d8lz/NBA_Live_10_-BLES00637-GO-_Part4.pkg?rlkey=zuf1xlk1i6tx67xsx14c7mzqr&st=8w5jv9er&dl=1	MISSING	EP0000-BLES00637_00-LIVE10PT4		25769804	25769804	
BLES00760	EU	Skate 3 Part 1 (Nostalgia Vault)	https://www.dropbox.com/scl/fi/gphy7u0tszxk4475bm4wi/Skate-3-BLES00760-GO-Part1.pkg?rlkey=dt9sg7njrw8zsad8g2ak1rcsr&st=2mm831m3&dl=1	MISSING	EP0000-BLES00760_00-SKATE3PT1		4187593114	4187593114	
BLES00760	EU	Skate 3 Part 2 (Nostalgia Vault)	https://www.dropbox.com/scl/fi/wv4omi427210uc8saf9w4/Skate-3-BLES00760-GO-Part2.pkg?rlkey=7kgp77xygm77d4r2ecydu95vg&st=17xe0rw9&dl=1	MISSING	EP0000-BLES00760_00-SKATE3PT2		2555505541	2555505541	
BLES00760	EU	Skate 3 Part 3 (Nostalgia Vault)	https://www.dropbox.com/scl/fi/v9y0i0l40dve0c5bgpakr/Skate-3-BLES00760-GO-Part3.pkg?rlkey=g3fm377jsnqh8dgmu7vu2j2my&st=9pl6u1bv&dl=1	MISSING	EP0000-BLES00760_00-SKATE3PT3		64424509	64424509	
BLES00760	EU	Skate 3 Part 4 (Nostalgia Vault)	https://www.dropbox.com/scl/fi/kpcptyo8yscxx9qk39b1x/Skate-3-BLES00760-GO-Part4.pkg?rlkey=tk7x13qjr4ddhuk2h8pe2v685&st=hywvbk52&dl=1	MISSING	EP0000-BLES00760_00-SKATE3PT4		356482286	356482286	
BLES00150	EU	X-Men Origins - Wolverine Part 1 (Nostalgia Vault)	https://www.dropbox.com/scl/fi/qzjh2xrwpzemvrxqujsro/X-Men-Origins-Wolverine-BLES00150-GO-Part1.pkg?rlkey=dvs9uxj16v2ktufeqig6hua84&st=jwvdiax7&dl=1	MISSING	EP0000-BLES00150_00-WOLVERINEPT1		4187593114	4187593114	
BLES00150	EU	X-Men Origins - Wolverine Part 2 (Nostalgia Vault)	https://www.dropbox.com/scl/fi/iw9xjq0tv4pszb1hlj1tv/X-Men-Origins-Wolverine-BLES00150-GO-Part2.pkg?rlkey=fmjlw6rtryx97iwh2bj2smdhw&st=1a4ir7k5&dl=1	MISSING	EP0000-BLES00150_00-WOLVERINEPT2		2630667469	2630667469	
BLUS30218	US	Spider-Man: Web of Shadows Part 1 (Nostalgia Vault)	https://www.dropbox.com/scl/fi/zhqhkt8626lrvrk4acx4n/Spider_Man_Web_of_Shadows_-BLUS30218-GO-_Part1.pkg?rlkey=tgfoj4fnqbbuzliy4ebabp3se&st=sc13hrsj&dl=1	MISSING	UP0000-BLUS30218_00-WEBOFSHADOWSPT1		4273492460	4273492460	
BLUS30218	US	Spider-Man: Web of Shadows Part 2 (Nostalgia Vault)	https://www.dropbox.com/scl/fi/bwnbn1su9ndkm9zm8z9ml/Spider_Man_Web_of_Shadows_-BLUS30218-GO-_Part2.pkg?rlkey=zbf0mgk2xne3luxltqa8k8qkc&st=an6dmwa5&dl=1	MISSING	UP0000-BLUS30218_00-WEBOFSHADOWSPT2		4048006677	4048006677	
SLUS11111	US	002: PS3 games will appear on homescreen or MMCM app (Nostalgia Vault)	https://www.dropbox.com/scl/fi/06ger69xyegmlpjaz8yiz/Star-Trek-Shattered-Universe-PS2-Classics-Vault-PS2-Classics-SLUS20112.pkg?rlkey=k1ofk9hmryqfg6mayijwnrmhd&st=aqg78fw8&dl=0	MISSING	UP0000-SLUS20112_00-STARTREK-SU		11961451520	11961451520	
SLUS21683	US	003: MAKE SURE DIRECT DL IN TOOLBAR IS SELECTED & REFRESH APP OFTEN (Nostalgia Vault)	https://www.dropbox.com/scl/fi/59tmqae5lg40kkt82xcg9/Yu-Gi-Oh-GX-Beginning-Of-Destiny-PS2-Classics-Vault-PS2-Classics-SLUS21683.pkg?rlkey=p1aaztdbh7iclorhjxf5fe0ge&st=mtiw8535&dl=1	MISSING	UP0000-SLUS21683_00-YGOGX-BOD		4317192192	4317192192	
SLUS20920	US	ESPN NBA 2K5 (Nostalgia Vault)	https://www.dropbox.com/scl/fi/xu8tffshv0mb8ef9u07ni/ESPN-NBA-2K5-PS2-Classics-SLUS20920.pkg?rlkey=wlwf8n1vrydize8t0o0aodach&st=mlfns2sz&dl=1	MISSING	UP0000-SLUS20920_00-NBA2K5PS2		3478923510	3478923510	
SLUS21016	US	25 to Life (Nostalgia Vault)	https://www.dropbox.com/scl/fi/ajay45wxpxorw2xgtr4z8/25-to-Life-PS2-Classics-SLUS21016.pkg?rlkey=g0fl8jdsyz6wt4t509p536y7c&st=8ik57lbk&dl=1	MISSING	UP0000-SLUS21016_00-25TOLIFEPS2		1921997865	1921997865	
BLES00995	EU	WWE All Stars Part 1 (Nostalgia Vault)	https://www.dropbox.com/scl/fi/nccq5c0260lmwl59f7y6b/WWE-All-Stars-BLES00995-GO-Part2.pkg?rlkey=brpgisjs0wxt8znoqjuvrfue4&st=91vy0aiz&dl=1	MISSING	EP0000-BLES00995_00-WWEALLSTARSPT1		4176855695	4176855695	
BLES00995	EU	WWE All Stars Part 2 (Nostalgia Vault)	https://www.dropbox.com/scl/fi/qtebgjy7bvmf015n4ofwy/WWE-All-Stars-BLES00995-GO-Part1.pkg?rlkey=yp1k1um2v1wmhl190b1vkwp2e&st=0ik1hzxe&dl=1	MISSING	EP0000-BLES00995_00-WWEALLSTARSPT2		3199750636	3199750636	
BLES00995	EU	WWE All Stars Part 3 (Nostalgia Vault)	https://www.dropbox.com/scl/fi/slgii1r3vi838sjsmhmwp/WWE-All-Stars-BLES00995-GO-Part3.pkg?rlkey=xep9e5dz1hzfrdjscnua7qtq9&st=6z02ukb5&dl=1	MISSING	EP0000-BLES00995_00-WWEALLSTARSPT3		5368709	5368709	
BLES00995	EU	WWE All Stars Part 4 (Nostalgia Vault)	https://www.dropbox.com/scl/fi/subeipmrv4z4tscxewm6y/WWE-All-Stars-BLES00995-GO-Part4.pkg?rlkey=rnqlca4nr07zvvy0xc6ly0uha&st=hcfoh39h&dl=1	MISSING	EP0000-BLES00995_00-WWEALLSTARSPT4		590558003	590558003	
BLES00361	EU	WWE SmackDown vs. Raw 2009 Part 1 (Nostalgia Vault)	https://www.dropbox.com/scl/fi/iblwq3llisneblgjdx0f1/WWE-SVR-2009-BLES00361-GO-Pt1.pkg?rlkey=7zmpceqx8lmqcshqe0m2n6dzs&st=0lssirad&dl=1	MISSING	EP0000-BLES00361_00-SVR09PT1		4198330532	4198330532	
BLES00361	EU	WWE SmackDown vs. Raw 2009 Part 2 (Nostalgia Vault)	https://www.dropbox.com/scl/fi/cs2i2n3yi6vrm22oscenj/WWE-SVR-2009-BLES00361-GO-Pt2.pkg?rlkey=hotxku0f6c6lcisr7k1cd7if6&st=ouyts6zv&dl=1	MISSING	EP0000-BLES00361_00-SVR09PT2		4284229878	4284229878	
BLES00361	EU	WWE SmackDown vs. Raw 2009 Part 3 (Nostalgia Vault)	https://www.dropbox.com/scl/fi/u5zmctt2spinjwlx5ht52/WWE-SVR-2009-BLES00361-GO-Pt3.pkg?rlkey=tw334l40hv3afr2k0o15f8i0z&st=5l9ekswr&dl=1	MISSING	EP0000-BLES00361_00-SVR09PT3		2254857830	2254857830	
BLES00361	EU	WWE SmackDown vs. Raw 2009 Part 4 (Nostalgia Vault)	https://www.dropbox.com/scl/fi/woes36jbtm5qhfvnubsj3/WWE-SVR-2009-BLES00361-GO-Pt4.pkg?rlkey=gwezgvj1m7m70kghb7s8yrll7&st=yk3ms6di&dl=1	MISSING	EP0000-BLES00361_00-SVR09PT4		4294967	4294967	
BLES00361	EU	WWE SmackDown vs. Raw 2009 Part 5 (Nostalgia Vault)	https://www.dropbox.com/scl/fi/djnphbov6ssyed6zfuup5/WWE-SVR-2009-BLES00361-GO-Pt5.pkg?rlkey=irv5fyxlvzriao6h1cvi5cutu&st=iqgpo4pw&dl=1	MISSING	EP0000-BLES00361_00-SVR09PT5		36507222	36507222	
SLUS20771	US	NCAA March Madness 2004 (Nostalgia Vault)	https://www.dropbox.com/scl/fi/1yy6ccyoajldvd5ah363x/NCAA-March-Madness-2004-Nostalgia-Vault-PS2-Classics-SLUS20771.pkg?rlkey=de6lbaftx6mzojlvn9uf3xup1&st=0siq5kk3&dl=1	MISSING	UP0000-SLUS20771_00-NCAAMM2004PS2		4209067950	4209067950	
SLUS20385	US	WWE Crush Hour (Nostalgia Vault)	https://www.dropbox.com/scl/fi/py46506pbyedczr5hy97j/WWE-Crush-Hour-Nostalgia-Vault-PS2-Classics-SLUS20385.pkg?rlkey=xlzp72mkmqzutn1k97z4ydeg9&st=dh487w0o&dl=1	MISSING	UP0000-SLUS20385_00-WWECRUSHHOURPS2		1342177280	1342177280	
BLES00477	EU	The Godfather II Part 1 (Nostalgia Vault)	https://www.dropbox.com/scl/fi/746f2094xdntqhnzqbege/The-Godfather-II-BLES00477-GO-Part1.pkg?rlkey=a28miu18xedrt4isam9sdzsux&st=eexp63yr&dl=1	MISSING	EP0000-BLES00477_00-GODFATHERIIPT1		4198330532	4198330532	
BLES00477	EU	The Godfather II Part 2 (Nostalgia Vault)	https://www.dropbox.com/scl/fi/di6ixqw8mlldrudlanhs1/The-Godfather-II-BLES00477-GO-Part2.pkg?rlkey=e8qx3hckjgjawwb7l63wm6emb&st=jjt1gevh&dl=1	MISSING	EP0000-BLES00477_00-GODFATHERIIPT2		4176855695	4176855695	
BLES00477	EU	The Godfather II Part 3 (Nostalgia Vault)	https://www.dropbox.com/scl/fi/ez63sj8wyof02a1ylsa2a/The-Godfather-II-BLES00477-GO-Part3.pkg?rlkey=73h53k3w5ft01p0yptt2i0ra0&st=1gvijmkk&dl=1	MISSING	EP0000-BLES00477_00-GODFATHERIIPT3		2383706849	2383706849	
BLES00477	EU	The Godfather II Part 4 (Nostalgia Vault)	https://www.dropbox.com/scl/fi/we67rqg59dherln0f2xei/The-Godfather-II-BLES00477-GO-Part4.pkg?rlkey=tto99z301wdhwaaxzzde3cvd6&st=ue67lhg5&dl=1	MISSING	EP0000-BLES00477_00-GODFATHERIIPT4		2147484	2147484	
BLES00477	EU	The Godfather II Part 5 (Nostalgia Vault)	https://www.dropbox.com/scl/fi/ro1unuuaebrn9qgrvcb92/The-Godfather-II-BLES00477-GO-Part5.pkg?rlkey=bfzjwqyts8qsvkfoq354lscrd&st=ve7wix9k&dl=1	MISSING	EP0000-BLES00477_00-GODFATHERIIPT5		17179869	17179869	
BLES00655	EU	NBA 2K10 Part 1 (Nostalgia Vault)	https://www.dropbox.com/scl/fi/sd0x3wy8tvxb54c8st7va/NBA-2K10-BLES00655-GO-Part1.pkg?rlkey=23hawjtgg829sqqb59nojaewu&dl=1	MISSING	EP0000-BLES00655_00-NBA2K10PT1		4123168604	4123168604	
BLES00655	EU	NBA 2K10 Part 2 (Nostalgia Vault)	https://www.dropbox.com/scl/fi/vib32zbq8920ij2lozucj/NBA-2K10-BLES00655-GO-Part2.pkg?rlkey=hhthx96ru4gxd0hfmombdmwu8&st=mmtvgzs2&dl=1	MISSING	EP0000-BLES00655_00-NBA2K10PT2		2426656522	2426656522	
BLES00655	EU	NBA 2K10 Part 3 (Nostalgia Vault)	https://www.dropbox.com/scl/fi/dhlqc339aoqwirtqwypho/NBA-2K10-BLES00655-GO-Part3.pkg?rlkey=8knibq96jg2qin7xrndzavs53&st=kaf6q8om&dl=1	MISSING	EP0000-BLES00655_00-NBA2K10PT3		5368709	5368709	
BLES00655	EU	NBA 2K10 Part 4 (Nostalgia Vault)	https://www.dropbox.com/scl/fi/g3xqr8svgpipylgzrdw3a/NBA-2K10-BLES00655-GO-Part4.pkg?rlkey=h80i2zjfpjmlwc829ipfmjgo8&st=r5z6gybd&dl=1	MISSING	EP0000-BLES00655_00-NBA2K10PT4		73014444	73014444	
SLUS20159	US	Dave Mirra Freestyle BMX 2 (Nostalgia Vault)	https://www.dropbox.com/scl/fi/646ic3400eysh9mkdcqjz/Dave-Mirra-Freestyle-BMX-2-Nostalgia-Vault-PS2-Classics-SLUS20159.pkg?rlkey=g8yqxgvwv2uhzxfks09xeymjj&st=mf69a4kj&dl=1	MISSING	UP0000-BLUS201593_00-DAVEBMX2PS2		758061728	758061728	
SLES51038	EU	MX Superfly (Nostalgia Vault)	https://www.dropbox.com/scl/fi/20qyhzbs8wfnt3jppxf2n/ATV-Quad-Power-Racing-2-Nostalgia-Vault-PS2-Classics-SLUS20570.pkg?rlkey=bq1p6h6s9gpimfnfegc313cqa&st=b8wt11xv&dl=1	MISSING	EP0000-SLES51038_00-MXSUPERFLYPS2		1814623683	1814623683	
SLUS20570	US	ATV Quad Power Racing 2 (Nostalgia Vault)	https://www.dropbox.com/scl/fi/20qyhzbs8wfnt3jppxf2n/ATV-Quad-Power-Racing-2-Nostalgia-Vault-PS2-Classics-SLUS20570.pkg?rlkey=bq1p6h6s9gpimfnfegc313cqa&st=b8wt11xv&dl=1	MISSING	UP0000-SLUS20570_00-ATVQUAD2PS2		1406601789	1406601789	
SCUS97544	US	NBA '07 The Life Vol.2 (Nostalgia Vault)	https://www.dropbox.com/scl/fi/fb2g49ff1zhbtbb0xekqw/NBA-07-featuring-The-Life-Vol.2-Nostalgia-Vault-PS2-Classics-SCUS97544.pkg?rlkey=0eg8veoox7rpmuanbtixt659u&st=l9u7x3yx&dl=1	MISSING	UP0000-SCUS97544_00-NBA07THELIFEPS2		3393024164	3393024164	
SLUS21611	US	Thrillville - Off the Rails (Nostalgia Vault)	https://www.dropbox.com/scl/fi/t7r4v2f16es2txcbv1p5m/Thrillville-Off-the-Rails-Nostalgia-Vault-PS2-Classics-SLUS21611.pkg?rlkey=k61g5qp79wgmmi89c7l0vv01j&st=ucvywi7e&dl=1	MISSING	UP0000-SLUS21611_00-OFFTHERAILSPS2		4724464026	4724464026	
SLUS20515	US	Yu-Gi-Oh! The Duelists of the Roses (Nostalgia Vault)	https://www.dropbox.com/scl/fi/8p5u7gqo2how8im5yh6nx/Yu-Gi-Oh-The-Duelists-of-the-Roses-Nostalgia-Vault-PS2-Classics-SLUS20515.pkg?rlkey=ypwnhukvg156ehn4fni3pzca8&st=hdlr2mfn&dl=1	MISSING	UP0000-SLUS20515_00-YUGIOHDUELISTPS2		2136746230	2136746230