BCES01556	EU	Until Dawn™ - Green Light (Third Person)	https://archive.org/download/until-dawn-greenlight/Until%20Dawn%20-%20Greenlight.pkg		EP9000-BCES01556_00-TSTUDMAIN0036815	6355981936
BCES01556	EU	Until Dawn™ Demo (First Person)	https://github.com/PS3-Pro/Packages/releases/download/Unreleased/Until_Dawn_-_Demo.pkg		EP9000-BCES01556_00-KZ3MAINPKGVER000	1352914698
BCES87654	US	Post Mortem	https://github.com/PS3-Pro/Packages/releases/download/Unreleased/Post_Mortem.pkg		UX0000-BCES87654_00-PMP3REVIEW000001	984612864
BCET70008	EU	Persionables	https://github.com/PS3-Pro/Packages/releases/download/Unreleased/Persionables.pkg		EP9000-BCET70008_00-PENSIONABLES0001	139460608
BCET70009	EU	Unstoppable Speed Smash	https://github.com/PS3-Pro/Packages/releases/download/Unreleased/Unstoppable_Speed_Smash.pkg		EX0001-BCET70009_00-USSTRC01XXXXXXXX	267633728
BCET70055	EU	LittleBigPlanet™Hub	https://github.com/PS3-Pro/Packages/releases/download/Unreleased/LittleBigPlanet_Hub.pkg		EP9000-BCET70055_00-GBETALITTL000001	1900523028
BEAN00001	ALL	Brawl (DEX)	https://github.com/PS3-Pro/Packages/releases/download/Unreleased/Brawl.pkg		CUSTOM-BEAN00001_00-0000000000000000	38587596
BLET70048	ALL	Ridge Racer™ Driftopia (Shutdown)	https://github.com/PS3-Pro/Packages/releases/download/Unreleased/Ridge_Racer_-_Driftopia.pkg		EP0700-BLET70048_00-RRDRIFTHDDEU0100	856132112
BLUS30592	US	NBA Elite 11	https://archive.org/download/nba-elite-11/NBA%20Elite%2011.pkg		UP0006-BLUS30592_00-NBALIVE11ASW0001	4857117600
BSDM13112	ALL	Brooklyn Stories	https://github.com/PS3-Pro/Packages/releases/download/Unreleased/Brooklyn_Stories_-_Demo.pkg		IV0002-BSDM13112_00-BROOKLYNSTORIESD	599785472
DSNY10003	EU	Wonderbook: ToyStory (DEX)	https://github.com/PS3-Pro/Packages/releases/download/Unreleased/Wonderbook_-_Toy_Story.pkg		EP9000-DSNY10003_00-WBTOYSTORY000001	837812224
HANS00005	EU	Wonderbook: Hansel and Gretel (DEX)	https://github.com/PS3-Pro/Packages/releases/download/Unreleased/Wonderbook_-_Hansel_and_Gretel.pkg		EP9000-HANS00005_00-WBPROTOTYPE00001	1481763717
NPEA00003	EU	Big Duck Sample	https://github.com/PS3-Pro/Packages/releases/download/Unreleased/Big_Duck_Sample.pkg		EP0001-NPEA00003_00-0000000000000000	54316236
NPEB90299	ALL	Aero-Cross [Trial]	https://github.com/PS3-Pro/Packages/releases/download/Unreleased/Aero-Cross_-_Trial.pkg		EP0700-NPEB90299_00-AEROCROSSET00001	424753792
NPEB99999	US	Taxi: A Road Trip (DEX)	https://github.com/PS3-Pro/Packages/releases/download/Unreleased/Taxi_-_A_Road_Trip.pkg		UP0001-NPEB99999_00-0000111122223333	17406361
NPJB00109	JP	Dancing Eyes	https://github.com/PS3-Pro/Packages/releases/download/Unreleased/Dancing_Eyes.pkg		JP0700-NPJB00109_00-DANCINGEYES00001	655360000
NPUB90077	ALL	HUMMER® DIRT™ Experience	https://github.com/PS3-Pro/Packages/releases/download/Unreleased/Hummer_-_Dirt_Experience.pkg		UP4001-NPUB90077_00-DIRTDEMOSCEA0102	310578208
NPXX01671	EU	Pirates	https://github.com/PS3-Pro/Packages/releases/download/Unreleased/Pirates.pkg		EP4080-NPXX01671_00-VTPIRATESTESTHDD	466616320
SDFS32423	US	TSX	https://github.com/PS3-Pro/Packages/releases/download/Unreleased/TSX.pkg		UP0001-SDFS32423_00-0000111122223333	307232768
SMPL00001	ALL	Pimball Reality	https://github.com/PS3-Pro/Packages/releases/download/Unreleased/Pinball_Reality.pkg		IV0002-SMPL00001_00-DEMO100PINBALLNG	224395264
SOSG12345	ALL	Paragons (DEX)	https://github.com/PS3-Pro/Packages/releases/download/Unreleased/Paragons.pkg		XXYYYY-SOSG12345_00-XXXXXXXXXXXXXXXX	153092096
TEST01236	ALL	TimeSplitters 4	https://archive.org/download/time-splitters-4/TimeSplitters%204.pkg		UP0001-TEST01236_00-0000000000000000	2976381888
TEST12345	ALL	Elveon	https://github.com/PS3-Pro/Packages/releases/download/Unreleased/Elveon.pkg		SP0001-TEST12345_00-0000000000000000	1492501135