ACID00514	ALL	Raise the Koishi	https://github.com/PS3-Pro/Packages/releases/download/Games/Raise_the_Koishi.pkg		IV0000-ACID00514_00-RAISETHEKOISHI00	69740880
ALIENBRED	ALL	Alien Breed	https://github.com/PS3-Pro/Packages/releases/download/Games/Alien_Breed.pkg		UP0001-ALIENBRED_00-0000000000000000	17846763
AVOIDANCE	ALL	Avoidance	https://github.com/PS3-Pro/Packages/releases/download/Games/Avoidance.pkg		EP0001-AVOIDANCE_00-0000111122223333	293601
BOMB00000	ALL	Bomberman HD	https://github.com/PS3-Pro/Packages/releases/download/Games/Bomberman_HD.pkg		UP0001-BOMB00000_00-0000000000000000	4781506
BUBL00002	ALL	Normal Version	https://github.com/PS3-Pro/Packages/releases/download/Games/Bubble_Bobble_-_Normal.pkg		UP0001-BUBL00002_00-0000000000000000	
BUBL00003	ALL	Parent Version	https://github.com/PS3-Pro/Packages/releases/download/Games/Bubble_Bobble_-_Parent.pkg		UP0001-BUBL00003_00-0000000000000000	
BUBL00004	ALL	Maniac Version	https://github.com/PS3-Pro/Packages/releases/download/Games/Bubble_Bobble_-_Maniac.pkg		UP0001-BUBL00004_00-0000000000000000	
CASCADEBE	ALL	Cascade Beneath	https://github.com/PS3-Pro/Packages/releases/download/Games/Cascade_Beneath.pkg		UP0001-CASCADEBE_00-0000000000000000	335544
CATA00000	ALL	The Catachtonic	https://github.com/PS3-Pro/Packages/releases/download/Games/The_Catachthonic.pkg		548526-CATA00000_00-6458256154285985	5442109
CHEROPHOB	ALL	Cherophobe	https://github.com/PS3-Pro/Packages/releases/download/Games/Cherophobe.pkg		UP0001-CHEROPHOB_00-0000000000000000	450887
CUBE66666	ALL	Cubicle Shooter	https://github.com/PS3-Pro/Packages/releases/download/Games/Cubicle_Shooter.pkg		OPSY4K-CUBE66666_00-1648597256315895	18140364
CUBESCITY	ALL	Cubicle Shooter City	https://github.com/PS3-Pro/Packages/releases/download/Games/Cubicle_Shooter_City.pkg		UP0001-CUBESCITY_00-0000000000000000	429916
CYLINDERD	ALL	Cylinder Dodge	https://github.com/PS3-Pro/Packages/releases/download/Games/Cylinder_Dodge.pkg		EP0001-CYLINDERD_00-0000111122223333	220200
DANCECLON	ALL	Dance Clone	https://github.com/PS3-Pro/Packages/releases/download/Games/Dance_Clone.pkg		UP0001-DANCECLON_00-0000000000000000	587202
DARKSNAKE	ALL	Snake	https://github.com/PS3-Pro/Packages/releases/download/Games/Snake.pkg		UP0001-DARKSNAKE_00-0000000000000000	104857
DGCRUSHED	ALL	Don't Get Crushed	https://github.com/PS3-Pro/Packages/releases/download/Games/Dont_Get_Crushed.pkg		UP0001-DGCRUSHED_00-0000000000000000	346030
DONOTDIE2	ALL	They Do Not Die2	https://github.com/PS3-Pro/Packages/releases/download/Games/They_Do_Not_Die_2.pkg		UP0001-DONOTDIE2_00-0000000000000000	838860
DROW66666	ALL	The World Drowns	https://github.com/PS3-Pro/Packages/releases/download/Games/The_World_Drowns.pkg		849573-DROW66666_00-9458264715152536	11114905
DUCKHUNTS	ALL	Duck Hunting	https://github.com/PS3-Pro/Packages/releases/download/Games/Duck_Hunting.pkg		UP0001-DUCKHUNTS_00-0000000000000000	19293798
DUNGEON01	ALL	Dungeon	https://github.com/PS3-Pro/Packages/releases/download/Games/Dungeon.pkg		DUNPS3-DUNGEON01_00-0000000000000000	1268776
ELONLOREP	ALL	Eleganted Repitile	https://github.com/PS3-Pro/Packages/releases/download/Games/Eleganted_Repitile.pkg		UP0001-ELONLOREP_00-0000000000000000	356515
ESKISS000	ALL	Ekiss	https://github.com/PS3-Pro/Packages/releases/download/Games/Eskiss.pkg		UP0001-ESKISS000_00-0000000000000000	6343884
EVIL00095	ALL	ResidentEvil Operation Paintown	https://github.com/PS3-Pro/Packages/releases/download/Games/Resident_Evil_-_Operation_Paintown.pkg		EP0001-EVIL00095_00-0000111122223333	252706816
FAQSAEP01	ALL	Fursan Aqsa	https://github.com/PS3-Pro/Packages/releases/download/Games/Fursan_Aqsa_-_Demo.pkg		UP9000-FAQSAEP01_00-0000000000000000	325058560
FDROID001	ALL	Freedroid Classic	https://github.com/PS3-Pro/Packages/releases/download/Games/Freedroid.pkg		UP0001-FDROID001_00-0000000000000000	6994001
FLAPBIRD0	ALL	Flappy Birds Family	https://github.com/PS3-Pro/Packages/releases/download/Games/Flappy_Birds_Family.pkg		UP0001-FLAPBIRD0_00-0000000000000000	2202009
GAMBOL123	ALL	Gambol	https://github.com/PS3-Pro/Packages/releases/download/Games/Gambol.pkg		UP0001-GAMBOL123_00-0000000000000000	503316
GDBYEWRLD	ALL	Goodby World	https://github.com/PS3-Pro/Packages/releases/download/Games/Goodby_World.pkg		UP0001-GDBYEWRLD_00-0000000000000000	429916
GFX012345	ALL	PS3Noid	https://github.com/PS3-Pro/Packages/releases/download/Games/PS3Noid.pkg		IV0000-GFX012345_00-1234567891234567	6585057
GOFKOMBAT	ALL	Gears of Kombat	https://github.com/PS3-Pro/Packages/releases/download/Games/Gears_of_Kombat.pkg		UP0001-GOFKOMBAT_00-0000000000000000	157286400
HBRW00001	ALL	Pongus	https://github.com/PS3-Pro/Packages/releases/download/Games/Pongus.pkg		UP0001-HBRW00001_00-0000000000000000	387973
HCTW00000	ALL	Hero City 2	https://github.com/PS3-Pro/Packages/releases/download/Games/Hero_City_2.pkg		548526-HCTW00000_00-6458256154285985	10485760
HEROCITY1	ALL	Hero City 1	https://github.com/PS3-Pro/Packages/releases/download/Games/Hero_City_1.pkg		UP0001-HEROCITY1_00-0000000000000000	870318
JBEB55555	ALL	BreakOut X	https://github.com/PS3-Pro/Packages/releases/download/Games/Break_Out_X.pkg		UP0001-JBEB55555_00-0000111122223333	9919528
JCD00TEST	ALL	3 Card Monte	https://github.com/PS3-Pro/Packages/releases/download/Games/3_Card_Monte.pkg		UP0001-JCD00TEST_00-0000000000000000	3103784
LWMC00000	ALL	Larry with a Magic Scarf	https://github.com/PS3-Pro/Packages/releases/download/Games/Larry_with_a_Magic_Scarf.pkg		IV0000-LWMC00000_00-LARRYWITHASCARFJ	15475984
MAZEGENRT	ALL	Maze Generator	https://github.com/PS3-Pro/Packages/releases/download/Games/Maze_Generator.pkg		UP0001-MAZEGENRT_00-0000000000000000	1121976
NEOR66666	ALL	Neo Race	https://github.com/PS3-Pro/Packages/releases/download/Games/Neo_Race.pkg		458264-NEOR66666_00-5454256518239721	14050918
NEOTANKS1	ALL	Neo Tanks	https://github.com/PS3-Pro/Packages/releases/download/Games/Neo_Tanks.pkg		UP0001-NEOTANKS1_00-0000000000000000	681574
NEOTRAIL1	ALL	Neo Trail	https://github.com/PS3-Pro/Packages/releases/download/Games/Neo_Trail.pkg		UP0001-NEOTRAIL1_00-0000000000000000	429916
OSPX00001	ALL	Supaplex	https://github.com/PS3-Pro/Packages/releases/download/Games/Supaplex.pkg		UP0001-OSPX00001_00-0000000000000000	7654604
PAINTOWN2	ALL	Paintown	https://github.com/PS3-Pro/Packages/releases/download/Games/Paintown.pkg		UP0001-PAINTOWN2_00-0000000000000000	85354086
PINTOR001	ALL	Pintor - Sony vs Hackers	https://github.com/PS3-Pro/Packages/releases/download/Games/Pintor_-_Sony_vs_Hackers.pkg		UP0001-PINTOR001_00-0000000000000000	85354086
PNG00TEST	ALL	Wall Pong	https://github.com/PS3-Pro/Packages/releases/download/Games/Wall_Pong.pkg		UP0001-PNG00TEST_00-0000000000000000	1195376
POCKETMON	ALL	Untitled Pokemon Project	https://github.com/PS3-Pro/Packages/releases/download/Games/Untitled_Pokemon_Project.pkg		UP0001-POCKETMON_00-0000000000000000	408944
PONG00LSD	ALL	2 Player Pong	https://github.com/PS3-Pro/Packages/releases/download/Games/2_Player_Pong.pkg		UP0001-PONG00LSD_00-0000000000000000	1488977
PS3PONG00	ALL	PS3Pong	https://github.com/PS3-Pro/Packages/releases/download/Games/PS3Pong.pkg		UP0001-PS3PONG00_00-0000111122223333	10286530
PS3TETRIS	ALL	PS3Tetris	https://github.com/PS3-Pro/Packages/releases/download/Games/PS3Tetris.pkg		UP0001-PS3TETRIS_00-0000000000000000	104857
QUAD00LSD	ALL	Codename Quadtris	https://github.com/PS3-Pro/Packages/releases/download/Games/Codename_Quadtris.pkg		UP0001-QUAD00LSD_00-0000000000000000	9667870
RXESP3851	ALL	Espionage	https://github.com/PS3-Pro/Packages/releases/download/Games/Espionage.pkg		EP0001-RXESP3851_00-0000111122223333	2422210
RXGAM3004	ALL	2048	https://github.com/PS3-Pro/Packages/releases/download/Games/2048.pkg		GP0001-RXGAM3004_00-0000111122223333	2107637
SCOG00001	ALL	Scogger	https://github.com/PS3-Pro/Packages/releases/download/Games/Scogger.pkg		UP0001-SCOG00001_00-0000000000000000	4089446
SDL20BARU	ALL	Barulandia	https://github.com/PS3-Pro/Packages/releases/download/Games/Barulandia.pkg		UP0001-SDL20BARU_00-0000000000000000	20
SGTPZL010	ALL	SGT Puzzle	https://github.com/PS3-Pro/Packages/releases/download/Games/SGT_Puzzle.pkg		UP0001-SGTPZL010_00-0000000000000000	1887436
SKETCHFIT	ALL	Sketch Fight	https://github.com/PS3-Pro/Packages/releases/download/Games/Sketch_Fight.pkg		EP0001-SKETCHFIT_00-0000111122223333	2202009
SLIMEROLL	ALL	Slime Roll	https://github.com/PS3-Pro/Packages/releases/download/Games/Slime_Roll.pkg		UP0001-SLIMEROLL_00-0000000000000000	419430
SOR000095	ALL	Streets of Rage	https://github.com/PS3-Pro/Packages/releases/download/Games/Streets_of_Rage.pkg		EP0001-SOR000095_00-0000111122223333	333447168
SPNP12345	ALL	Spin Pong	https://github.com/PS3-Pro/Packages/releases/download/Games/Spin_Pong.pkg		UP0001-SPNP12345_00-1000111122223333	10800332
SUPERJUMP	ALL	Super Pixel Jumper	https://github.com/PS3-Pro/Packages/releases/download/Games/Super_Pixel_Jumper.pkg		UP0001-SUPERJUMP_00-0000000000000000	283115
SWINGBAL2	ALL	Swingball 2	https://github.com/PS3-Pro/Packages/releases/download/Games/Swingball_2.pkg		EP0001-SWINGBAL2_00-0000111122223333	450887
SWINGCOP0	ALL	Swing Copters	https://github.com/PS3-Pro/Packages/releases/download/Games/Swing_Copters.pkg		UP0001-SWINGCOP0_00-0000000000000000	1866465
TETRISEOL	ALL	Tetris EOL	https://github.com/PS3-Pro/Packages/releases/download/Games/Tetris_EOL.pkg		UP0001-TETRISEOL_00-0000000000000000	1866465
THATOPONG	ALL	That Other Pong	https://github.com/PS3-Pro/Packages/releases/download/Games/That_Other_Pong.pkg		UP0001-THATOPONG_00-0000000000000000	471859
TJARMIND3	ALL	The Jarred Mind3	https://github.com/PS3-Pro/Packages/releases/download/Games/The_Jarred_Mind_3.pkg		UP0001-TJARMIND3_00-0000000000000000	1121976
TOSC66666	ALL	That Other Space Shooter	https://github.com/PS3-Pro/Packages/releases/download/Games/That_Other_Space_Shooter.pkg		UP0001-TOSC66666_00-0000000000000001	12687769
TRONMSDOS	ALL	Tron Clone	https://github.com/PS3-Pro/Packages/releases/download/Games/Tron_Clone.pkg		UP0001-TRONMSDOS_00-0000111122223333	11114905
UFOR00000	ALL	UFO Racer	https://github.com/PS3-Pro/Packages/releases/download/Games/UFO_Racer.pkg		548526-UFOR00000_00-6458256154285985	6113198
UNMAPPEDF	ALL	The Unmapped Forest	https://github.com/PS3-Pro/Packages/releases/download/Games/The_Unmapped_Forest.pkg		UP0001-UNMAPPEDF_00-0000000000000000	650117
WINTERSEN	ALL	Winter End	https://github.com/PS3-Pro/Packages/releases/download/Games/Winter_End.pkg		UP0001-WINTERSEN_00-0000000000000000	534773
WRNOWHERE	ALL	We Are Nowhere	https://github.com/PS3-Pro/Packages/releases/download/Games/We_Are_Nowhere.pkg		UP0001-WRNOWHERE_00-0000000000000000	293601