PS3T000LZ	ALL	Advanced Tools	https://github.com/PS3-Pro/Packages/releases/download/Homebrews/PS3_Advanced_Tools.pkg		UP0001-PS3T000LZ_00-0000000000000000	4634705
NP0ANSIVW	ALL	ANSi View	https://github.com/PS3-Pro/Packages/releases/download/Homebrews/ANSi_View.pkg		UP0001-NP0ANSIVW_00-0000000000000000	4351590
ARTPS3001	ALL	Artemis	https://github.com/PS3-Pro/Packages/releases/download/Homebrews/Artemis_-_webMAN.pkg		UP0001-ARTPS3001_00-0000000000000000	6731857
ENSTONEXX	ALL	Ccapi	https://github.com/PS3-Pro/Packages/releases/download/Homebrews/CCAPI.pkg		XX0001-ENSTONEXX_00-00000000000CCAPI	367001
CDGP00000	ALL	CDG Player	https://github.com/PS3-Pro/Packages/releases/download/Homebrews/CDG_Player.pkg		GP0001-CDGP00000_00-0000111122223333	325058
CTRLFAN00	ALL	Control Fan Utility	https://github.com/PS3-Pro/Packages/releases/download/Homebrews/Fan_Control_Utility.pkg		UP0001-CTRLFAN00_00-00PKG0BY0THEHERO	136314
RMTC00001	ALL	EzRemote Client	https://github.com/PS3-Pro/Packages/releases/download/Homebrews/EzRemote_Client.pkg		UP0001-RMTC00001_00-0000000000000000	26654801
FILEMANAG	ALL	File ManagerZ	https://github.com/PS3-Pro/Packages/releases/download/Homebrews/File_ManagerZ.pkg		EP0001-FILEMANAG_00-0000000000000000	12373196
BB0011111	ALL	FTP Server	https://github.com/PS3-Pro/Packages/releases/download/Homebrews/FTP_Server.pkg		UP0001-BB0011111_00-0000111122223333	639631
GDSW00001	ALL	Game Data Tool	https://github.com/PS3-Pro/Packages/releases/download/Homebrews/Game_Data_Tool.pkg		XMBGDS-GDSW00001_00-GAMEDATASWITCH01	209715
GMPADTEST	ALL	Game Pad Test	https://github.com/PS3-Pro/Packages/releases/download/Homebrews/Gamepad_Test.pkg		EP0001-GMPADTEST_00-0000000000000000	283115
GCLOUDSTO	ALL	Google Cloud Storage	https://github.com/PS3-Pro/Packages/releases/download/Homebrews/Google_Cloud_Storage.pkg		CUSTOM-GCLOUDSTO_00-0000000000000000	2348810
IDPSET000	ALL	IDPSet	https://github.com/PS3-Pro/Packages/releases/download/Homebrews/IDPSet.pkg		EP0001-IDPSET000_00-0000000000000000	566231
DUMPSDATS	ALL	PlayStation Home SDAT Dumper	https://github.com/PS3-Pro/Packages/releases/download/Homebrews/PlayStation_Home_SDAT_Dumper.pkg		MP0001-DUMPSDATS_00-0000111122223333	8011120
BLES80616	ALL	PrepISO	https://github.com/PS3-Pro/Packages/releases/download/Homebrews/PrepISO.pkg		UP0001-BLES80616_00-0000000000000000	912261
NPXS00022	ALL	PS-Paint	https://github.com/PS3-Pro/Packages/releases/download/Homebrews/PS_Paint.pkg		IV0000-NPXS00022_00-GAMEMAKERSTUDIO0	3240099
PSVB00001	ALL	Dual Shock Version	https://github.com/PS3-Pro/Packages/releases/download/Homebrews/PSVibe_Dual_Shock_Controller.pkg		VP0001-PSVB00001_00-0000111122223333	
PVIBEMOVE	ALL	PSMove Version	https://github.com/PS3-Pro/Packages/releases/download/Homebrews/PSVibe_Move_Controller.pkg		UP0001-PVIBEMOVE_00-0000000000000000	
RPSN00001	ALL	React PSN	https://github.com/PS3-Pro/Packages/releases/download/Homebrews/ReActPsn.pkg		UP0310-RPSN00001_00-0000000000000000	3974103
RBGTLBOX2	ALL	Rebug Toolbox	https://github.com/PS3-Pro/Packages/releases/download/Homebrews/Rebug_Toolbox.pkg		UP0001-RBGTLBOX2_00-0000000000000000	377487
SACDRIP01	ALL	SACD Ripper	https://github.com/PS3-Pro/Packages/releases/download/Homebrews/SACD_Ripper.pkg		UP0001-SACDRIP01_00-0000000000000000	2086666
NPEA90124	ALL	Sen Enabler	https://github.com/PS3-Pro/Packages/releases/download/Homebrews/Sen_Enabler.pkg		EP9001-NPEA90124_00-0000000000000000	5934940
CNDR00001	ALL	Solar	https://github.com/PS3-Pro/Packages/releases/download/Homebrews/Solar.pkg		UP0001-CNDR00001_00-0000000000000000	28835840
VNCVIEWER	ALL	VNC Viwer	https://github.com/PS3-Pro/Packages/releases/download/Homebrews/VNC_Viewer.pkg		UP0001-VNCVIEWER_00-0000000000000000	1027604
BLES00132	ALL	Wipe History	https://github.com/PS3-Pro/Packages/releases/download/Homebrews/WipeHistory.pkg		UP2005-BLES00132_00-HOMEBREW00000001	188743
